Date,Coin,Open,High,Low,Close,Volume,Price
2025-03-13 05:30:00,Bitcoin,83680.12,84336.33,79939.9,81115.78,27546.27412,81115.78
2025-03-14 05:30:00,Bitcoin,81115.78,85309.71,80818.84,83983.2,26858.52755,83983.2
2025-03-15 05:30:00,Bitcoin,83983.19,84676.28,83618.0,84338.44,11324.7332,84338.44
2025-03-16 05:30:00,Bitcoin,84338.44,85117.04,81981.12,82574.53,17596.12531,82574.53
2025-03-17 05:30:00,Bitcoin,82574.52,84756.83,82456.0,84010.03,17214.74358,84010.03
2025-03-18 05:30:00,Bitcoin,84010.02,84021.74,81134.66,82715.03,17610.89883,82715.03
2025-03-19 05:30:00,Bitcoin,82715.03,87000.0,82547.16,86845.94,28151.05374,86845.94
2025-03-20 05:30:00,Bitcoin,86845.93,87453.67,83655.23,84223.39,22090.30463,84223.39
2025-03-21 05:30:00,Bitcoin,84223.38,84850.33,83175.25,84088.79,11956.97443,84088.79
2025-03-22 05:30:00,Bitcoin,84088.79,84539.17,83625.1,83840.59,5420.22114,83840.59
2025-03-23 05:30:00,Bitcoin,83840.59,86129.64,83809.75,86082.5,8461.97813,86082.5
2025-03-24 05:30:00,Bitcoin,86082.5,88765.43,85519.09,87498.16,30115.62111,87498.16
2025-03-25 05:30:00,Bitcoin,87498.16,88539.63,86310.0,87392.87,22643.25248,87392.87
2025-03-26 05:30:00,Bitcoin,87392.88,88275.0,85860.0,86909.17,18408.78485,86909.17
2025-03-27 05:30:00,Bitcoin,86909.17,87756.39,85800.0,87232.01,17098.03897,87232.01
2025-03-28 05:30:00,Bitcoin,87232.01,87515.67,83585.0,84424.38,27182.73169,84424.38
2025-03-29 05:30:00,Bitcoin,84424.38,84624.73,81644.81,82648.54,11696.39864,82648.54
2025-03-30 05:30:00,Bitcoin,82648.53,83534.64,81565.0,82389.99,9864.49508,82389.99
2025-03-31 05:30:00,Bitcoin,82390.0,83943.08,81278.52,82550.01,20569.13885,82550.01
2025-04-01 05:30:00,Bitcoin,82550.0,85579.46,82432.74,85158.34,20190.39697,85158.34
2025-04-02 05:30:00,Bitcoin,85158.35,88500.0,82320.0,82516.29,39931.457,82516.29
2025-04-03 05:30:00,Bitcoin,82516.28,83998.02,81211.24,83213.09,27337.84135,83213.09
2025-04-04 05:30:00,Bitcoin,83213.09,84720.0,81659.0,83889.87,32915.53976,83889.87
2025-04-05 05:30:00,Bitcoin,83889.87,84266.0,82379.95,83537.99,9360.40468,83537.99
2025-04-06 05:30:00,Bitcoin,83537.99,83817.63,77153.83,78430.0,27942.71436,78430.0
2025-04-07 05:30:00,Bitcoin,78430.0,81243.58,74508.0,79163.24,78387.53089,79163.24
2025-04-08 05:30:00,Bitcoin,79163.24,80867.99,76239.9,76322.42,35317.32063,76322.42
2025-04-09 05:30:00,Bitcoin,76322.42,83588.0,74620.0,82615.22,75488.28772,82615.22
2025-04-10 05:30:00,Bitcoin,82615.22,82753.21,78464.36,79607.3,33284.80718,79607.3
2025-04-11 05:30:00,Bitcoin,79607.3,84300.0,78969.58,83423.84,34435.43797,83423.84
2025-04-12 05:30:00,Bitcoin,83423.83,85905.0,82792.95,85276.9,18470.74437,85276.9
2025-04-13 05:30:00,Bitcoin,85276.91,86100.0,83034.23,83760.0,24680.04181,83760.0
2025-04-14 05:30:00,Bitcoin,83760.0,85799.99,83678.0,84591.58,28659.09348,84591.58
2025-04-15 05:30:00,Bitcoin,84591.58,86496.42,83600.0,83643.99,20910.99528,83643.99
2025-04-16 05:30:00,Bitcoin,83643.99,85500.0,83111.64,84030.38,20867.24519,84030.38
2025-04-17 05:30:00,Bitcoin,84030.38,85470.01,83736.26,84947.91,13728.84772,84947.91
2025-04-18 05:30:00,Bitcoin,84947.92,85132.08,84303.96,84474.69,6529.96315,84474.69
2025-04-19 05:30:00,Bitcoin,84474.7,85677.99,84364.45,85077.01,9666.58153,85077.01
2025-04-20 05:30:00,Bitcoin,85077.0,85320.76,83949.52,85179.24,8091.67725,85179.24
2025-04-21 05:30:00,Bitcoin,85179.24,88465.99,85144.76,87516.23,31773.37262,87516.23
2025-04-22 05:30:00,Bitcoin,87516.22,93888.0,87076.03,93442.99,43872.74705,93442.99
2025-04-23 05:30:00,Bitcoin,93442.99,94696.05,91935.41,93691.08,27404.16808,93691.08
2025-04-24 05:30:00,Bitcoin,93691.07,94005.0,91660.01,93980.47,19497.06071,93980.47
2025-04-25 05:30:00,Bitcoin,93980.47,95758.04,92855.96,94638.68,27500.66648,94638.68
2025-04-26 05:30:00,Bitcoin,94638.68,95199.0,93870.69,94628.0,9415.06875,94628.0
2025-04-27 05:30:00,Bitcoin,94628.0,95369.0,93602.58,93749.3,11162.841,93749.3
2025-04-28 05:30:00,Bitcoin,93749.29,95630.0,92800.01,95011.18,22157.53351,95011.18
2025-04-29 05:30:00,Bitcoin,95011.18,95461.53,93742.54,94256.82,16955.3402,94256.82
2025-04-30 05:30:00,Bitcoin,94256.82,95228.45,92910.0,94172.0,17661.2751,94172.0
2025-05-01 05:30:00,Bitcoin,94172.0,97424.02,94130.43,96489.91,21380.45343,96489.91
2025-05-02 05:30:00,Bitcoin,96489.9,97895.68,96350.0,96887.14,14905.74811,96887.14
2025-05-03 05:30:00,Bitcoin,96887.13,96935.67,95753.01,95856.42,9723.34838,95856.42
2025-05-04 05:30:00,Bitcoin,95856.42,96304.48,94151.38,94277.62,11036.38342,94277.62
2025-05-05 05:30:00,Bitcoin,94277.61,95199.0,93514.1,94733.68,17251.18189,94733.68
2025-05-06 05:30:00,Bitcoin,94733.68,96920.65,93377.0,96834.02,16122.64513,96834.02
2025-05-07 05:30:00,Bitcoin,96834.02,97732.0,95784.61,97030.5,16644.83854,97030.5
2025-05-08 05:30:00,Bitcoin,97030.5,104145.76,96876.29,103261.6,34962.02847,103261.6
2025-05-09 05:30:00,Bitcoin,103261.61,104361.3,102315.14,102971.99,27617.39907,102971.99
2025-05-10 05:30:00,Bitcoin,102971.99,104984.57,102818.76,104809.53,15324.78611,104809.53
2025-05-11 05:30:00,Bitcoin,104809.53,104972.0,103345.06,104118.0,17987.12197,104118.0
2025-05-12 05:30:00,Bitcoin,104118.0,105819.45,100718.37,102791.32,31272.77792,102791.32
2025-05-13 05:30:00,Bitcoin,102791.32,104976.25,101429.7,104103.72,21253.42409,104103.72
2025-05-14 05:30:00,Bitcoin,104103.72,104356.95,102602.05,103507.82,16452.9081,103507.82
2025-05-15 05:30:00,Bitcoin,103507.83,104192.7,101383.07,103763.71,17998.98604,103763.71
2025-05-16 05:30:00,Bitcoin,103763.71,104550.33,103100.49,103463.9,15683.88024,103463.9
2025-05-17 05:30:00,Bitcoin,103463.9,103709.86,102612.5,103126.65,11250.89622,103126.65
2025-05-18 05:30:00,Bitcoin,103126.65,106660.0,103105.09,106454.26,21599.98726,106454.26
2025-05-19 05:30:00,Bitcoin,106454.27,107108.62,102000.0,105573.74,30260.03524,105573.74
2025-05-20 05:30:00,Bitcoin,105573.73,107320.0,104184.72,106849.99,23705.48275,106849.99
2025-05-21 05:30:00,Bitcoin,106850.0,110797.38,106100.01,109643.99,45531.040345,109643.99
2025-05-22 05:30:00,Bitcoin,109643.99,111980.0,109177.37,111696.21,31630.77313,111696.21
2025-05-23 05:30:00,Bitcoin,111696.22,111800.0,106800.0,107318.3,31737.72309,107318.3
2025-05-24 05:30:00,Bitcoin,107318.3,109506.03,106875.41,107761.91,16782.53129,107761.91
2025-05-25 05:30:00,Bitcoin,107761.9,109299.99,106600.64,109004.19,17710.04695,109004.19
2025-05-26 05:30:00,Bitcoin,109004.2,110422.22,108670.58,109434.79,14649.11593,109434.79
2025-05-27 05:30:00,Bitcoin,109434.78,110718.0,107516.57,108938.17,21276.65635,108938.17
2025-05-28 05:30:00,Bitcoin,108938.17,109284.7,106769.43,107781.78,15633.78829,107781.78
2025-05-29 05:30:00,Bitcoin,107781.78,108891.91,105322.86,105589.75,19834.70116,105589.75
2025-05-30 05:30:00,Bitcoin,105589.75,106313.12,103621.0,103985.48,23706.49799,103985.48
2025-05-31 05:30:00,Bitcoin,103985.47,104900.0,103068.55,104591.88,11289.35922,104591.88
2025-06-01 05:30:00,Bitcoin,104591.88,105866.91,103752.49,105642.93,9709.70006,105642.93
2025-06-02 05:30:00,Bitcoin,105642.93,105935.63,103659.88,105857.99,13453.98813,105857.99
2025-06-03 05:30:00,Bitcoin,105858.0,106794.67,104872.5,105376.89,13259.52634,105376.89
2025-06-04 05:30:00,Bitcoin,105376.9,106000.0,104179.0,104696.86,14034.89482,104696.86
2025-06-05 05:30:00,Bitcoin,104696.86,105909.71,100372.26,101508.68,22321.50154,101508.68
2025-06-06 05:30:00,Bitcoin,101508.69,105333.0,101095.8,104288.44,15839.07385,104288.44
2025-06-07 05:30:00,Bitcoin,104288.43,105900.0,103871.09,105552.15,8344.93206,105552.15
2025-06-08 05:30:00,Bitcoin,105552.15,106488.14,104964.14,105734.0,8048.06305,105734.0
2025-06-09 05:30:00,Bitcoin,105734.01,110530.17,105318.37,110263.02,19975.37451,110263.02
2025-06-10 05:30:00,Bitcoin,110263.02,110400.0,108331.03,110274.39,17071.82839,110274.39
2025-06-11 05:30:00,Bitcoin,110274.39,110392.01,108064.0,108645.12,13115.91638,108645.12
2025-06-12 05:30:00,Bitcoin,108645.13,108813.55,105671.72,105671.73,17778.67218,105671.73
2025-06-13 05:30:00,Bitcoin,105671.74,106179.53,102664.31,106066.59,26180.81734,106066.59
2025-06-14 05:30:00,Bitcoin,106066.59,106252.0,104300.0,105414.64,8798.93969,105414.64
2025-06-15 05:30:00,Bitcoin,105414.63,106128.57,104494.53,105594.01,7164.20047,105594.01
2025-06-16 05:30:00,Bitcoin,105594.02,108952.38,104980.37,106794.53,14922.6654,106794.53
2025-06-17 05:30:00,Bitcoin,106794.53,107771.34,103371.02,104551.17,17866.33025,104551.17
2025-06-18 05:30:00,Bitcoin,104551.17,105550.27,103500.0,104886.78,13968.64167,104886.78
2025-06-19 05:30:00,Bitcoin,104886.79,105226.17,103929.27,104658.59,7678.60737,104658.59
2025-06-20 05:30:00,Bitcoin,104658.59,106524.65,102345.0,103297.99,16419.06283,103297.99
2025-06-21 05:30:00,Bitcoin,103297.98,103982.64,100837.9,102120.01,11154.21332,102120.01
2025-06-22 05:30:00,Bitcoin,102120.02,103399.62,98200.0,100963.87,28746.41072,100963.87
2025-06-23 05:30:00,Bitcoin,100963.87,106074.2,99613.33,105333.93,27666.50609,105333.93
2025-06-24 05:30:00,Bitcoin,105333.94,106290.0,104622.02,106083.0,14651.69335,106083.0
2025-06-25 05:30:00,Bitcoin,106083.0,108135.3,105808.03,107340.58,16701.15551,107340.58
2025-06-26 05:30:00,Bitcoin,107340.59,108272.45,106562.5,106947.06,10573.27279,106947.06
2025-06-27 05:30:00,Bitcoin,106947.06,107735.34,106356.76,107047.59,12232.44042,107047.59
2025-06-28 05:30:00,Bitcoin,107047.58,107577.75,106811.51,107296.79,3282.17352,107296.79
2025-06-29 05:30:00,Bitcoin,107296.79,108528.5,107172.52,108356.93,6831.7364,108356.93
2025-06-30 05:30:00,Bitcoin,108356.93,108789.99,106733.33,107146.5,9754.12491,107146.5
2025-07-01 05:30:00,Bitcoin,107146.51,107540.0,105250.85,105681.14,10505.62437,105681.14
2025-07-02 05:30:00,Bitcoin,105681.13,109730.0,105100.19,108849.6,17691.89592,108849.6
2025-07-03 05:30:00,Bitcoin,108849.59,110529.18,108530.4,109584.78,13047.08225,109584.78
2025-07-04 05:30:00,Bitcoin,109584.77,109767.59,107245.0,107984.24,11793.86615,107984.24
2025-07-05 05:30:00,Bitcoin,107984.25,108420.56,107756.31,108198.12,3736.9757,108198.12
2025-07-06 05:30:00,Bitcoin,108198.12,109700.0,107800.01,109203.84,6447.607,109203.84
2025-07-07 05:30:00,Bitcoin,109203.85,109700.0,107513.2,108262.94,9405.37601,108262.94
2025-07-08 05:30:00,Bitcoin,108262.94,109216.56,107429.57,108922.98,9216.0208,108922.98
2025-07-09 05:30:00,Bitcoin,108922.99,111999.79,108324.53,111233.99,17282.2865,111233.99
2025-07-10 05:30:00,Bitcoin,111234.0,116868.0,110500.0,116010.0,24883.450665,116010.0
2025-07-11 05:30:00,Bitcoin,116010.01,118869.98,115222.22,117527.66,25873.521148,117527.66
2025-07-12 05:30:00,Bitcoin,117527.66,118200.0,116900.05,117420.0,8446.60437,117420.0
2025-07-13 05:30:00,Bitcoin,117420.0,119488.0,117224.79,119086.64,9550.792947,119086.64
2025-07-14 05:30:00,Bitcoin,119086.65,123218.0,118905.18,119841.18,27269.348877,119841.18
2025-07-15 05:30:00,Bitcoin,119841.17,119940.83,115736.92,117758.09,32018.46083,117758.09
2025-07-16 05:30:00,Bitcoin,117758.08,120063.84,117017.29,118630.43,17039.90851,118630.43
2025-07-17 05:30:00,Bitcoin,118630.44,120998.71,117453.57,119177.56,15728.57651,119177.56
2025-07-18 05:30:00,Bitcoin,119177.56,120820.71,116812.76,117924.84,19924.66266,117924.84
2025-07-19 05:30:00,Bitcoin,117924.84,118499.9,117277.34,117840.0,6635.80306,117840.0
2025-07-20 05:30:00,Bitcoin,117840.01,118856.8,116467.02,117265.12,12962.92889,117265.12
2025-07-21 05:30:00,Bitcoin,117265.11,119676.73,116515.0,117380.36,17107.33128,117380.36
2025-07-22 05:30:00,Bitcoin,117380.36,120247.8,116128.0,119954.42,20959.12973,119954.42
2025-07-23 05:30:00,Bitcoin,119954.43,120090.0,117301.0,118755.99,14558.75083,118755.99
2025-07-24 05:30:00,Bitcoin,118756.0,119450.0,117103.1,118340.99,15806.89043,118340.99
2025-07-25 05:30:00,Bitcoin,118340.98,118451.57,114723.16,117614.31,38406.34873,117614.31
2025-07-26 05:30:00,Bitcoin,117614.31,118297.35,117138.38,117919.99,6991.67206,117919.99
2025-07-27 05:30:00,Bitcoin,117919.99,119766.65,117825.5,119415.55,9328.30919,119415.55
2025-07-28 05:30:00,Bitcoin,119415.56,119800.0,117427.5,118062.32,13961.74754,118062.32
2025-07-29 05:30:00,Bitcoin,118062.32,119273.36,116950.75,117950.76,15137.93445,117950.76
2025-07-30 05:30:00,Bitcoin,117950.75,118792.0,115796.23,117840.3,15586.73631,117840.3
2025-07-31 05:30:00,Bitcoin,117840.29,118922.45,115500.0,115764.08,17010.0073,115764.08
2025-08-01 05:30:00,Bitcoin,115764.07,116052.0,112722.58,113297.93,24487.10206,113297.93
2025-08-02 05:30:00,Bitcoin,113297.92,114063.49,112003.0,112546.35,11507.33428,112546.35
2025-08-03 05:30:00,Bitcoin,112546.35,114799.97,111920.0,114208.8,7397.76046,114208.8
2025-08-04 05:30:00,Bitcoin,114208.81,115720.0,114107.6,115055.03,9667.67916,115055.03
2025-08-05 05:30:00,Bitcoin,115055.03,115127.81,112650.0,114129.75,12042.79078,114129.75
2025-08-06 05:30:00,Bitcoin,114129.75,115716.0,113355.13,114992.27,9761.15318,114992.27
2025-08-07 05:30:00,Bitcoin,114992.27,117621.0,114259.0,117472.01,13468.56263,117472.01
2025-08-08 05:30:00,Bitcoin,117472.02,117630.0,115878.71,116674.74,10045.31278,116674.74
2025-08-09 05:30:00,Bitcoin,116674.74,117944.05,116299.13,116462.25,9514.13144,116462.25
2025-08-10 05:30:00,Bitcoin,116462.25,119311.11,116460.63,119294.01,14322.77073,119294.01
2025-08-11 05:30:00,Bitcoin,119294.27,122335.16,118050.11,118686.0,26494.33429,118686.0
2025-08-12 05:30:00,Bitcoin,118686.0,120324.43,118207.47,120134.08,16720.10893,120134.08
2025-08-13 05:30:00,Bitcoin,120134.09,123667.79,118920.92,123306.43,23210.07102,123306.43
2025-08-14 05:30:00,Bitcoin,123306.44,124474.0,117180.0,118295.09,27980.947586,118295.09
2025-08-15 05:30:00,Bitcoin,118295.09,119216.82,116803.99,117342.05,13623.33874,117342.05
2025-08-16 05:30:00,Bitcoin,117342.04,117898.99,117143.98,117380.66,6393.68117,117380.66
2025-08-17 05:30:00,Bitcoin,117380.66,118575.0,117172.21,117405.01,5898.64192,117405.01
2025-08-18 05:30:00,Bitcoin,117405.01,117543.75,114640.14,116227.05,17745.93954,116227.05
2025-08-19 05:30:00,Bitcoin,116227.05,116725.69,112732.58,112872.94,18065.47424,112872.94
2025-08-20 05:30:00,Bitcoin,112872.95,114615.38,112380.0,114271.24,15636.34194,114271.24
2025-08-21 05:30:00,Bitcoin,114271.23,114821.76,112015.67,112500.0,10839.69235,112500.0
2025-08-22 05:30:00,Bitcoin,112500.0,117429.05,111684.79,116935.99,23128.09037,116935.99
2025-08-23 05:30:00,Bitcoin,116936.0,117030.0,114560.0,115438.05,11329.36197,115438.05
2025-08-24 05:30:00,Bitcoin,115438.06,115666.68,110680.0,113493.59,21175.98462,113493.59
2025-08-25 05:30:00,Bitcoin,113493.59,113667.28,109274.1,110111.98,25182.79379,110111.98
2025-08-26 05:30:00,Bitcoin,110111.98,112371.0,108666.66,111763.22,18452.43877,111763.22
2025-08-27 05:30:00,Bitcoin,111763.22,112625.0,110345.42,111262.01,13392.60875,111262.01
2025-08-28 05:30:00,Bitcoin,111262.01,113485.9,110862.42,112566.9,11104.27744,112566.9
2025-08-29 05:30:00,Bitcoin,112566.9,112638.64,107463.9,108377.4,22580.31045,108377.4
2025-08-30 05:30:00,Bitcoin,108377.4,108926.15,107350.1,108816.33,10708.39159,108816.33
2025-08-31 05:30:00,Bitcoin,108816.33,109480.02,108076.93,108246.35,9489.51596,108246.35
2025-09-01 05:30:00,Bitcoin,108246.36,109912.4,107255.0,109237.42,16053.60219,109237.42
2025-09-02 05:30:00,Bitcoin,109237.43,111771.52,108393.39,111240.01,18510.28756,111240.01
2025-09-03 05:30:00,Bitcoin,111240.01,112575.27,110528.71,111705.71,11773.72084,111705.71
2025-09-04 05:30:00,Bitcoin,111705.72,112180.0,109329.12,110730.87,12203.13536,110730.87
2025-09-05 05:30:00,Bitcoin,110730.87,113384.62,110206.96,110659.99,21587.40888,110659.99
2025-09-06 05:30:00,Bitcoin,110660.0,111307.7,109977.0,110187.97,5000.29897,110187.97
2025-09-07 05:30:00,Bitcoin,110187.98,111600.0,110180.0,111137.34,5681.29944,111137.34
2025-09-08 05:30:00,Bitcoin,111137.35,112924.37,110621.78,112065.23,11582.40211,112065.23
2025-09-09 05:30:00,Bitcoin,112065.23,113293.29,110766.66,111546.39,15379.28248,111546.39
2025-09-10 05:30:00,Bitcoin,111546.38,114313.13,110917.45,113960.0,17517.41823,113960.0
2025-09-11 05:30:00,Bitcoin,113960.0,115488.09,113430.0,115482.69,13676.73119,115482.69
2025-09-12 05:30:00,Bitcoin,115482.69,116665.63,114740.99,116029.42,15324.10719,116029.42
2025-09-13 05:30:00,Bitcoin,116029.41,116298.78,115127.27,115918.29,8269.40394,115918.29
2025-09-14 05:30:00,Bitcoin,115918.29,116165.19,115135.0,115268.01,6707.60197,115268.01
2025-09-15 05:30:00,Bitcoin,115268.01,116757.99,114384.0,115349.71,13212.51149,115349.71
2025-09-16 05:30:00,Bitcoin,115349.71,116964.27,114737.11,116788.96,10926.9094,116788.96
2025-09-17 05:30:00,Bitcoin,116788.96,117286.73,114720.81,116447.59,16754.2454,116447.59
2025-09-18 05:30:00,Bitcoin,116447.6,117900.0,116092.76,117073.53,11657.23365,117073.53
2025-09-19 05:30:00,Bitcoin,117073.53,117459.99,115100.0,115632.38,8992.09065,115632.38
2025-09-20 05:30:00,Bitcoin,115632.39,116121.81,115408.47,115685.63,4674.92752,115685.63
2025-09-21 05:30:00,Bitcoin,115685.63,115819.06,115188.0,115232.29,4511.52219,115232.29
2025-09-22 05:30:00,Bitcoin,115232.29,115379.25,111800.0,112650.99,20781.71356,112650.99
2025-09-23 05:30:00,Bitcoin,112650.99,113290.5,111458.73,111998.8,12301.3203,111998.8
2025-09-24 05:30:00,Bitcoin,111998.8,113940.0,111042.66,113307.0,12369.25967,113307.0
2025-09-25 05:30:00,Bitcoin,113307.01,113510.23,108631.51,108994.49,21231.14957,108994.49
2025-09-26 05:30:00,Bitcoin,108994.49,110300.0,108620.07,109643.46,14243.01591,109643.46
2025-09-27 05:30:00,Bitcoin,109643.46,109743.91,109064.4,109635.85,5501.78643,109635.85
2025-09-28 05:30:00,Bitcoin,109635.85,112350.0,109189.99,112163.95,7542.3316,112163.95
2025-09-29 05:30:00,Bitcoin,112163.96,114400.0,111560.65,114311.96,15541.12005,114311.96
2025-09-30 05:30:00,Bitcoin,114311.97,114792.0,112656.27,114048.93,15044.15633,114048.93
2025-10-01 05:30:00,Bitcoin,114048.94,118649.1,113966.67,118594.99,20036.39516,118594.99
2025-10-02 05:30:00,Bitcoin,118594.99,121022.07,118279.31,120529.35,19670.83503,120529.35
2025-10-03 05:30:00,Bitcoin,120529.35,123894.99,119248.3,122232.0,23936.328,122232.0
2025-10-04 05:30:00,Bitcoin,122232.21,122800.0,121510.0,122391.0,8208.16678,122391.0
2025-10-05 05:30:00,Bitcoin,122390.99,125708.42,122136.0,123482.31,22043.097553,123482.31
2025-10-06 05:30:00,Bitcoin,123482.32,126199.63,123084.0,124658.54,19494.628793,124658.54
2025-10-07 05:30:00,Bitcoin,124658.54,125126.0,120574.94,121332.95,21633.99385,121332.95
2025-10-08 05:30:00,Bitcoin,121332.96,124197.25,121066.14,123306.0,17012.618,123306.0
2025-10-09 05:30:00,Bitcoin,123306.01,123762.94,119651.47,121662.4,21559.36007,121662.4
2025-10-10 05:30:00,Bitcoin,121662.41,122550.0,102000.0,112774.5,64171.93927,112774.5
2025-10-11 05:30:00,Bitcoin,112774.49,113322.39,109561.59,110644.4,35448.51652,110644.4
2025-10-12 05:30:00,Bitcoin,110644.4,115770.0,109565.06,114958.8,32255.30272,114958.8
2025-10-13 05:30:00,Bitcoin,114958.81,115963.81,113616.5,115166.0,22557.24033,115166.0
2025-10-14 05:30:00,Bitcoin,115166.0,115409.96,109866.0,113028.14,31870.32974,113028.14
2025-10-15 05:30:00,Bitcoin,113028.13,113612.35,110164.0,110763.28,22986.48811,110763.28
2025-10-16 05:30:00,Bitcoin,110763.28,111982.45,107427.0,108194.28,29857.17252,108194.28
2025-10-17 05:30:00,Bitcoin,108194.27,109240.0,103528.23,106431.68,37920.66838,106431.68
2025-10-18 05:30:00,Bitcoin,106431.68,107499.0,106322.2,107185.01,11123.18766,107185.01
2025-10-19 05:30:00,Bitcoin,107185.0,109450.07,106103.36,108642.78,15480.66423,108642.78
2025-10-20 05:30:00,Bitcoin,108642.77,111705.56,107402.52,110532.09,19193.4416,110532.09
2025-10-21 05:30:00,Bitcoin,110532.09,114000.0,107473.72,108297.67,37228.01659,108297.67
2025-10-22 05:30:00,Bitcoin,108297.66,109163.88,106666.69,107567.44,28610.78451,107567.44
2025-10-23 05:30:00,Bitcoin,107567.45,111293.61,107500.0,110078.18,17573.09294,110078.18
2025-10-24 05:30:00,Bitcoin,110078.19,112104.98,109700.01,111004.89,15005.16913,111004.89
2025-10-25 05:30:00,Bitcoin,111004.9,111943.19,110672.86,111646.27,6407.96864,111646.27
2025-10-26 05:30:00,Bitcoin,111646.27,115466.8,111260.45,114559.4,13454.47737,114559.4
2025-10-27 05:30:00,Bitcoin,114559.41,116400.0,113830.01,114107.65,21450.23241,114107.65
2025-10-28 05:30:00,Bitcoin,114107.65,116086.0,112211.0,112898.45,15523.42257,112898.45
2025-10-29 05:30:00,Bitcoin,112898.44,113643.73,109200.0,110021.29,21079.71376,110021.29
2025-10-30 05:30:00,Bitcoin,110021.3,111592.0,106304.34,108322.88,25988.82838,108322.88
2025-10-31 05:30:00,Bitcoin,108322.87,111190.0,108275.28,109608.01,21518.20439,109608.01
2025-11-01 05:30:00,Bitcoin,109608.01,110564.49,109394.81,110098.1,7378.50431,110098.1
2025-11-02 05:30:00,Bitcoin,110098.1,111250.01,109471.34,110540.68,12107.00087,110540.68
2025-11-03 05:30:00,Bitcoin,110540.69,110750.0,105306.56,106583.04,28681.18779,106583.04
2025-11-04 05:30:00,Bitcoin,106583.05,107299.0,98944.36,101497.22,50534.87376,101497.22
2025-11-05 05:30:00,Bitcoin,101497.23,104534.74,98966.8,103885.16,33778.77571,103885.16
2025-11-06 05:30:00,Bitcoin,103885.16,104200.0,100300.95,101346.04,25814.62139,101346.04
2025-11-07 05:30:00,Bitcoin,101346.04,104096.36,99260.86,103339.08,32059.50942,103339.08
2025-11-08 05:30:00,Bitcoin,103339.09,103406.22,101454.0,102312.94,12390.77985,102312.94
2025-11-09 05:30:00,Bitcoin,102312.95,105495.62,101400.0,104722.96,16338.97096,104722.96
2025-11-10 05:30:00,Bitcoin,104722.95,106670.11,104265.02,106011.13,22682.25673,106011.13
2025-11-11 05:30:00,Bitcoin,106011.13,107500.0,102476.09,103058.99,24196.50718,103058.99
2025-11-12 05:30:00,Bitcoin,103059.0,105333.33,100813.59,101654.37,20457.63906,101654.37
2025-11-13 05:30:00,Bitcoin,101654.37,104085.01,98000.4,99692.02,36198.50771,99692.02
2025-11-14 05:30:00,Bitcoin,99692.03,99866.02,94012.45,94594.0,47288.14481,94594.0
2025-11-15 05:30:00,Bitcoin,94594.0,96846.68,94558.49,95596.24,15110.89391,95596.24
2025-11-16 05:30:00,Bitcoin,95596.23,96635.11,93005.55,94261.44,23889.4051,94261.44
2025-11-17 05:30:00,Bitcoin,94261.45,96043.0,91220.0,92215.14,39218.59806,92215.14
2025-11-18 05:30:00,Bitcoin,92215.14,93836.01,89253.78,92960.83,39835.14769,92960.83
2025-11-19 05:30:00,Bitcoin,92960.83,92980.22,88608.0,91554.96,32286.6376,91554.96
2025-11-20 05:30:00,Bitcoin,91554.96,93160.0,86100.0,86637.23,39733.19073,86637.23
2025-11-21 05:30:00,Bitcoin,86637.22,87498.94,80600.0,85129.43,72256.12679,85129.43
2025-11-22 05:30:00,Bitcoin,85129.42,85620.0,83500.0,84739.74,14193.93263,84739.74
2025-11-23 05:30:00,Bitcoin,84739.75,88127.64,84667.57,86830.0,19734.46418,86830.0
2025-11-24 05:30:00,Bitcoin,86830.0,89228.0,85272.0,88300.01,24663.12795,88300.01
2025-11-25 05:30:00,Bitcoin,88300.01,88519.99,86116.0,87369.96,19567.0411,87369.96
2025-11-26 05:30:00,Bitcoin,87369.97,90656.08,86306.77,90484.02,21675.82239,90484.02
2025-11-27 05:30:00,Bitcoin,90484.01,91950.0,90089.91,91333.95,16833.50932,91333.95
2025-11-28 05:30:00,Bitcoin,91333.94,93092.0,90180.63,90890.7,18830.86012,90890.7
2025-11-29 05:30:00,Bitcoin,90890.71,91165.65,90155.47,90802.44,7429.88291,90802.44
2025-11-30 05:30:00,Bitcoin,90802.44,92000.01,90336.9,90360.0,9687.74175,90360.0
2025-12-01 05:30:00,Bitcoin,90360.01,90417.0,83822.76,86286.01,34509.01227,86286.01
2025-12-02 05:30:00,Bitcoin,86286.01,92307.65,86184.39,91277.88,28210.22732,91277.88
2025-12-03 05:30:00,Bitcoin,91277.88,94150.0,90990.23,93429.95,25712.52585,93429.95
2025-12-04 05:30:00,Bitcoin,93429.95,94080.0,90889.0,92078.06,19803.94059,92078.06
2025-12-05 05:30:00,Bitcoin,92078.06,92692.36,88056.0,89330.04,19792.97218,89330.04
2025-12-06 05:30:00,Bitcoin,89330.04,90289.97,88908.01,89236.79,8409.50016,89236.79
2025-12-07 05:30:00,Bitcoin,89236.8,91760.0,87719.28,90395.31,13021.11185,90395.31
2025-12-08 05:30:00,Bitcoin,90395.32,92287.15,89612.0,90634.34,15793.63887,90634.34
2025-12-09 05:30:00,Bitcoin,90634.35,94588.99,89500.0,92678.8,21240.43014,92678.8
2025-12-10 05:30:00,Bitcoin,92678.81,94476.0,91563.15,92015.37,18998.68083,92015.37
2025-12-11 05:30:00,Bitcoin,92015.38,93555.0,89260.63,92513.38,19972.58758,92513.38
2025-12-12 05:30:00,Bitcoin,92513.38,92754.0,89480.0,90268.42,16679.19169,90268.42
2025-12-13 05:30:00,Bitcoin,90268.43,90634.55,89766.39,90240.01,5895.70788,90240.01
2025-12-14 05:30:00,Bitcoin,90240.0,90472.4,87577.36,88172.17,9416.94004,88172.17
2025-12-15 05:30:00,Bitcoin,88172.16,90052.64,85146.64,86432.08,19778.6919,86432.08
2025-12-16 05:30:00,Bitcoin,86432.08,88175.98,85266.0,87863.42,18456.05017,87863.42
2025-12-17 05:30:00,Bitcoin,87863.43,90365.85,85314.0,86243.22,19834.11729,86243.22
2025-12-18 05:30:00,Bitcoin,86243.23,89477.61,84450.01,85516.41,25405.41763,85516.41
2025-12-19 05:30:00,Bitcoin,85516.41,89399.97,85110.24,88136.94,21256.65004,88136.94
2025-12-20 05:30:00,Bitcoin,88136.95,88573.07,87795.76,88360.9,5123.13194,88360.9
2025-12-21 05:30:00,Bitcoin,88360.91,89081.77,87600.04,88658.86,7132.87258,88658.86
2025-12-22 05:30:00,Bitcoin,88658.87,90588.23,87900.0,88620.79,14673.2197,88620.79
2025-12-23 05:30:00,Bitcoin,88620.79,88940.0,86601.9,87486.0,13910.32904,87486.0
2025-12-24 05:30:00,Bitcoin,87486.0,88049.89,86420.0,87669.45,9140.8432,87669.45
2025-12-25 05:30:00,Bitcoin,87669.44,88592.74,86934.72,87225.27,7096.58235,87225.27
2025-12-26 05:30:00,Bitcoin,87225.27,89567.75,86655.08,87369.56,18344.61505,87369.56
2025-12-27 05:30:00,Bitcoin,87369.56,87984.0,87253.05,87877.01,4469.55156,87877.01
2025-12-28 05:30:00,Bitcoin,87877.0,88088.75,87435.0,87952.71,4446.29285,87952.71
2025-12-29 05:30:00,Bitcoin,87952.71,90406.08,86806.5,87237.13,19894.98575,87237.13
2025-12-30 05:30:00,Bitcoin,87237.13,89400.0,86845.66,88485.49,13105.91001,88485.49
2025-12-31 05:30:00,Bitcoin,88485.5,89200.0,87250.0,87648.22,11558.62047,87648.22
2026-01-01 05:30:00,Bitcoin,87648.21,88919.45,87550.43,88839.04,6279.57133,88839.04
2026-01-02 05:30:00,Bitcoin,88839.05,90961.81,88379.88,89995.13,17396.97301,89995.13
2026-01-03 05:30:00,Bitcoin,89995.14,90741.16,89314.01,90628.01,7057.46716,90628.01
2026-01-04 05:30:00,Bitcoin,90628.01,91810.0,90628.0,91529.73,10426.5297,91529.73
2026-01-05 05:30:00,Bitcoin,91529.74,94789.08,91514.81,93859.71,20673.59584,93859.71
2026-01-06 05:30:00,Bitcoin,93859.71,94444.44,91262.94,93747.97,18546.41829,93747.97
2026-01-07 05:30:00,Bitcoin,93747.97,93747.97,90675.52,91364.16,14276.49025,91364.16
2026-01-08 05:30:00,Bitcoin,91364.16,91687.99,89311.0,91099.99,16132.79117,91099.99
2026-01-09 05:30:00,Bitcoin,91100.0,92082.55,89694.66,90641.28,15590.27939,90641.28
2026-01-10 05:30:00,Bitcoin,90641.27,90832.0,90404.0,90504.7,3104.11722,90504.7
2026-01-11 05:30:00,Bitcoin,90504.7,91283.89,90236.0,91013.65,5477.13594,91013.65
2026-01-12 05:30:00,Bitcoin,91013.66,92519.95,90128.44,91296.2,16188.08268,91296.2
2026-01-13 05:30:00,Bitcoin,91296.2,96495.0,91042.66,95414.0,23021.51482,95414.0
2026-01-14 05:30:00,Bitcoin,95413.99,97924.49,94559.28,96951.78,22851.89428,96951.78
2026-01-15 05:30:00,Bitcoin,96951.78,97193.34,95134.48,95604.8,21725.81369,95604.8
2026-01-16 05:30:00,Bitcoin,95604.81,95871.47,94293.46,95550.94,11167.7146,95550.94
2026-01-17 05:30:00,Bitcoin,95550.94,95639.45,95021.67,95147.77,4280.80137,95147.77
2026-01-18 05:30:00,Bitcoin,95147.77,95531.12,93615.4,93673.14,6895.17819,93673.14
2026-01-19 05:30:00,Bitcoin,93673.14,93673.14,91910.2,92631.0,14295.52747,92631.0
2026-01-20 05:30:00,Bitcoin,92630.99,92870.0,87895.98,88427.66,22007.3261,88427.66
2026-01-21 05:30:00,Bitcoin,88427.66,90574.0,87263.53,89454.73,20617.50372,89454.73
2026-01-22 05:30:00,Bitcoin,89454.73,90359.99,88515.37,89559.67,10825.50492,89559.67
2026-01-23 05:30:00,Bitcoin,89559.68,91224.99,88578.36,89600.26,13918.48919,89600.26
2026-01-24 05:30:00,Bitcoin,89600.26,89957.39,89162.08,89225.34,4226.56737,89225.34
2026-01-25 05:30:00,Bitcoin,89225.34,89319.13,86074.72,86670.36,14426.22019,86670.36
2026-01-26 05:30:00,Bitcoin,86670.36,88860.0,86509.63,88347.08,17766.51453,88347.08
2026-01-27 05:30:00,Bitcoin,88347.08,89523.16,87304.33,89250.0,13125.40425,89250.0
2026-01-28 05:30:00,Bitcoin,89249.99,90600.0,88833.65,89299.99,14332.18502,89299.99
2026-01-29 05:30:00,Bitcoin,89300.0,89348.0,83383.33,84650.16,30431.38201,84650.16
2026-01-30 05:30:00,Bitcoin,84650.16,84735.75,81118.0,84260.49,35195.84793,84260.49
2026-01-31 05:30:00,Bitcoin,84260.5,84270.02,75719.9,78741.09,39491.89133,78741.09
2026-02-01 05:30:00,Bitcoin,78741.1,79424.0,75700.0,76968.21,25395.48168,76968.21
2026-02-02 05:30:00,Bitcoin,76968.22,79360.0,74604.0,78738.61,42273.59016,78738.61
2026-02-03 05:30:00,Bitcoin,78738.6,79186.81,72945.5,75770.21,39120.10889,75770.21
2026-02-04 05:30:00,Bitcoin,75770.21,76971.52,71888.0,73165.83,38375.36,73165.83
2026-02-05 05:30:00,Bitcoin,73165.84,73341.18,62345.0,62909.86,106298.82899,62909.86
2026-02-06 05:30:00,Bitcoin,62909.87,71751.33,60000.0,70580.26,92539.21531,70580.26
2026-02-07 05:30:00,Bitcoin,70580.26,71690.07,67300.0,69289.38,44255.48036,69289.38
2026-02-08 05:30:00,Bitcoin,69289.37,72271.41,68888.0,70330.38,21420.53168,70330.38
2026-02-09 05:30:00,Bitcoin,70330.38,71453.53,68308.0,70138.0,29152.72842,70138.0
2026-02-10 05:30:00,Bitcoin,70138.0,70527.59,67800.0,68841.29,20373.77072,68841.29
2026-02-11 05:30:00,Bitcoin,68841.28,69292.88,65756.0,67082.52,28718.24602,67082.52
2026-02-12 05:30:00,Bitcoin,67082.52,68410.52,65118.0,66272.17,24271.74283,66272.17
2026-02-13 05:30:00,Bitcoin,66272.17,69482.97,65872.46,68853.96,20244.54955,68853.96
2026-02-14 05:30:00,Bitcoin,68853.97,70560.01,68730.13,69822.95,18114.78393,69822.95
2026-02-15 05:30:00,Bitcoin,69822.94,70983.0,68000.0,68832.58,22290.05208,68832.58
2026-02-16 05:30:00,Bitcoin,68832.59,70126.67,67294.11,68892.43,15515.76534,68892.43
2026-02-17 05:30:00,Bitcoin,68892.43,69241.5,66621.06,67503.52,16489.06921,67503.52
2026-02-18 05:30:00,Bitcoin,67503.52,68476.22,65870.0,66461.0,15492.43839,66461.0
2026-02-19 05:30:00,Bitcoin,66461.0,67320.0,65631.83,67003.73,14542.26988,67003.73
2026-02-20 05:30:00,Bitcoin,67003.73,68318.39,66280.2,68020.01,35351.87091,68020.01
2026-02-21 05:30:00,Bitcoin,68020.0,68698.7,67534.69,67975.93,8032.84131,67975.93
2026-02-22 05:30:00,Bitcoin,67975.93,68245.0,67190.0,67643.4,8175.13484,67643.4
2026-02-23 05:30:00,Bitcoin,67643.39,67684.86,63888.79,64656.02,33075.90923,64656.02
2026-02-24 05:30:00,Bitcoin,64656.01,65026.75,62510.28,64058.15,23102.83622,64058.15
2026-02-25 05:30:00,Bitcoin,64058.15,69988.83,63913.27,67988.04,30749.99259,67988.04
2026-02-26 05:30:00,Bitcoin,67988.04,68860.0,66500.0,67485.18,20737.77792,67485.18
2026-02-27 05:30:00,Bitcoin,67485.19,68216.8,64914.46,65872.1,21228.58424,65872.1
2026-02-28 05:30:00,Bitcoin,65872.09,67760.0,63030.0,66973.26,22548.71649,66973.26
2026-03-01 05:30:00,Bitcoin,66973.26,68199.99,65056.0,65776.47,23201.85859,65776.47
2026-03-02 05:30:00,Bitcoin,65776.48,70096.0,65259.21,68830.06,32010.38431,68830.06
2026-03-03 05:30:00,Bitcoin,68830.06,69258.08,66158.0,68338.0,24972.2418,68338.0
2026-03-04 05:30:00,Bitcoin,68338.01,74050.0,67400.0,72666.77,44919.0761,72666.77
2026-03-05 05:30:00,Bitcoin,72666.77,73558.15,70645.47,70890.72,26590.51253,70890.72
2026-03-06 05:30:00,Bitcoin,70891.02,71419.98,67744.78,68114.02,22629.88722,68114.02
2026-03-07 05:30:00,Bitcoin,68114.02,68551.04,66915.26,67262.91,12719.54315,67262.91
2026-03-08 05:30:00,Bitcoin,67262.91,68200.0,65618.49,65971.2,21593.63901,65971.2
2026-03-09 05:30:00,Bitcoin,65971.2,69516.65,65821.97,68432.16,28896.7213,68432.16
2026-03-10 05:30:00,Bitcoin,68432.16,71777.0,68391.41,69948.63,32602.57726,69948.63
2026-03-11 05:30:00,Bitcoin,69948.64,71321.0,68977.91,70191.86,27249.27542,70191.86
2026-03-12 05:30:00,Bitcoin,70191.86,70353.87,69205.91,69880.03,5872.50133,69880.03
2025-03-13 05:30:00,Ethereum,1908.2,1923.09,1821.81,1864.59,569537.2622,1864.59
2025-03-14 05:30:00,Ethereum,1864.59,1945.64,1861.31,1911.65,375805.7355,1911.65
2025-03-15 05:30:00,Ethereum,1911.64,1957.19,1903.75,1937.17,209545.8675,1937.17
2025-03-16 05:30:00,Ethereum,1937.18,1940.87,1860.38,1887.0,324766.6564,1887.0
2025-03-17 05:30:00,Ethereum,1887.01,1952.4,1879.98,1926.31,334840.4877,1926.31
2025-03-18 05:30:00,Ethereum,1926.3,1936.2,1872.31,1931.54,332896.0155,1931.54
2025-03-19 05:30:00,Ethereum,1931.54,2069.9,1927.58,2056.06,691809.5034,2056.06
2025-03-20 05:30:00,Ethereum,2056.05,2067.9,1952.17,1983.79,401518.9282,1983.79
2025-03-21 05:30:00,Ethereum,1983.79,1996.73,1937.1,1965.75,262641.659,1965.75
2025-03-22 05:30:00,Ethereum,1965.74,2006.61,1964.34,1980.69,170782.9574,1980.69
2025-03-23 05:30:00,Ethereum,1980.68,2020.74,1976.81,2005.99,268707.5233,2005.99
2025-03-24 05:30:00,Ethereum,2005.99,2104.11,1977.67,2081.2,477912.8154,2081.2
2025-03-25 05:30:00,Ethereum,2081.2,2097.7,2037.08,2066.15,328765.3292,2066.15
2025-03-26 05:30:00,Ethereum,2066.16,2079.21,1981.6,2009.52,428975.3286,2009.52
2025-03-27 05:30:00,Ethereum,2009.52,2037.38,1987.06,2003.66,360634.8383,2003.66
2025-03-28 05:30:00,Ethereum,2003.67,2015.93,1860.0,1896.9,626167.5832,1896.9
2025-03-29 05:30:00,Ethereum,1896.9,1913.6,1797.2,1828.08,409769.7555,1828.08
2025-03-30 05:30:00,Ethereum,1828.09,1849.01,1767.69,1807.74,327843.4476,1807.74
2025-03-31 05:30:00,Ethereum,1807.74,1854.22,1776.75,1822.43,497854.9052,1822.43
2025-04-01 05:30:00,Ethereum,1822.43,1927.9,1817.88,1904.98,452989.0974,1904.98
2025-04-02 05:30:00,Ethereum,1904.98,1957.0,1781.53,1795.22,750840.7823,1795.22
2025-04-03 05:30:00,Ethereum,1795.21,1845.26,1750.0,1817.23,508075.018,1817.23
2025-04-04 05:30:00,Ethereum,1817.23,1835.68,1758.72,1816.87,572734.4702,1816.87
2025-04-05 05:30:00,Ethereum,1816.88,1827.29,1764.39,1806.01,201716.2696,1806.01
2025-04-06 05:30:00,Ethereum,1806.02,1817.0,1537.5,1580.76,979847.0958,1580.76
2025-04-07 05:30:00,Ethereum,1580.77,1639.0,1411.01,1553.04,2168796.0067,1553.04
2025-04-08 05:30:00,Ethereum,1553.04,1618.67,1441.3,1473.41,891846.1327,1473.41
2025-04-09 05:30:00,Ethereum,1473.41,1689.0,1385.05,1669.51,1968530.9138,1669.51
2025-04-10 05:30:00,Ethereum,1669.51,1669.85,1471.02,1522.25,911855.3934,1522.25
2025-04-11 05:30:00,Ethereum,1522.24,1591.47,1504.63,1566.85,578484.3183,1566.85
2025-04-12 05:30:00,Ethereum,1566.85,1669.59,1546.06,1644.18,501867.9033,1644.18
2025-04-13 05:30:00,Ethereum,1644.19,1649.75,1562.01,1597.76,580136.6145,1597.76
2025-04-14 05:30:00,Ethereum,1597.76,1691.5,1595.56,1623.77,645930.1419,1623.77
2025-04-15 05:30:00,Ethereum,1623.78,1661.21,1583.12,1588.78,476178.8915,1588.78
2025-04-16 05:30:00,Ethereum,1588.77,1613.66,1538.07,1577.14,611387.8686,1577.14
2025-04-17 05:30:00,Ethereum,1577.15,1616.96,1563.2,1583.62,449870.3628,1583.62
2025-04-18 05:30:00,Ethereum,1583.63,1600.64,1573.54,1588.6,200409.0359,1588.6
2025-04-19 05:30:00,Ethereum,1588.6,1631.81,1585.01,1613.27,223096.3899,1613.27
2025-04-20 05:30:00,Ethereum,1613.26,1619.19,1565.59,1587.36,276052.2306,1587.36
2025-04-21 05:30:00,Ethereum,1587.36,1658.75,1564.07,1579.57,691486.6667,1579.57
2025-04-22 05:30:00,Ethereum,1579.57,1778.0,1537.26,1756.26,1103036.9586,1756.26
2025-04-23 05:30:00,Ethereum,1756.25,1834.86,1744.95,1795.07,887545.6316,1795.07
2025-04-24 05:30:00,Ethereum,1795.08,1802.82,1722.9,1769.65,483465.0385,1769.65
2025-04-25 05:30:00,Ethereum,1769.64,1827.32,1738.6,1784.6,595610.8894,1784.6
2025-04-26 05:30:00,Ethereum,1784.6,1841.16,1778.94,1820.88,355068.0442,1820.88
2025-04-27 05:30:00,Ethereum,1820.87,1857.47,1781.9,1791.29,340332.6435,1791.29
2025-04-28 05:30:00,Ethereum,1791.29,1827.98,1744.71,1799.88,587269.743,1799.88
2025-04-29 05:30:00,Ethereum,1799.88,1842.99,1780.47,1797.81,480456.3884,1797.81
2025-04-30 05:30:00,Ethereum,1797.81,1816.8,1731.7,1793.61,473523.9877,1793.61
2025-05-01 05:30:00,Ethereum,1793.62,1873.17,1792.52,1838.11,537198.7291,1838.11
2025-05-02 05:30:00,Ethereum,1838.1,1871.0,1813.0,1842.2,410667.875,1842.2
2025-05-03 05:30:00,Ethereum,1842.2,1848.6,1810.0,1833.52,213751.5979,1833.52
2025-05-04 05:30:00,Ethereum,1833.52,1849.95,1803.0,1808.86,238254.3564,1808.86
2025-05-05 05:30:00,Ethereum,1808.86,1833.55,1781.85,1820.19,342341.0078,1820.19
2025-05-06 05:30:00,Ethereum,1820.19,1820.9,1752.0,1817.0,384584.2451,1817.0
2025-05-07 05:30:00,Ethereum,1817.0,1850.0,1787.01,1811.11,456170.0705,1811.11
2025-05-08 05:30:00,Ethereum,1811.11,2226.0,1808.71,2207.39,1473152.686,2207.39
2025-05-09 05:30:00,Ethereum,2207.39,2490.77,2184.33,2345.04,1667041.0382,2345.04
2025-05-10 05:30:00,Ethereum,2345.04,2600.0,2317.0,2583.23,979350.1606,2583.23
2025-05-11 05:30:00,Ethereum,2583.22,2608.13,2435.51,2514.57,831584.3888,2514.57
2025-05-12 05:30:00,Ethereum,2514.58,2624.0,2406.63,2495.47,1068680.9433,2495.47
2025-05-13 05:30:00,Ethereum,2495.48,2738.5,2415.3,2679.71,1031355.6465,2679.71
2025-05-14 05:30:00,Ethereum,2679.71,2725.99,2547.26,2609.74,830047.1122,2609.74
2025-05-15 05:30:00,Ethereum,2609.75,2647.03,2476.03,2548.69,768954.0332,2548.69
2025-05-16 05:30:00,Ethereum,2548.7,2649.31,2529.4,2537.12,605953.6919,2537.12
2025-05-17 05:30:00,Ethereum,2537.13,2538.16,2446.42,2475.08,494333.2782,2475.08
2025-05-18 05:30:00,Ethereum,2475.09,2587.61,2323.21,2497.78,810103.1851,2497.78
2025-05-19 05:30:00,Ethereum,2497.78,2547.36,2348.38,2528.14,861747.523,2528.14
2025-05-20 05:30:00,Ethereum,2528.14,2588.63,2442.4,2524.19,676989.1747,2524.19
2025-05-21 05:30:00,Ethereum,2524.19,2615.95,2452.2,2550.99,1095890.2902,2550.99
2025-05-22 05:30:00,Ethereum,2551.0,2692.99,2544.83,2664.82,852555.6669,2664.82
2025-05-23 05:30:00,Ethereum,2664.83,2734.23,2498.3,2526.5,971442.4532,2526.5
2025-05-24 05:30:00,Ethereum,2526.49,2575.85,2515.08,2530.4,257544.2344,2530.4
2025-05-25 05:30:00,Ethereum,2530.41,2554.26,2463.0,2551.22,359890.0299,2551.22
2025-05-26 05:30:00,Ethereum,2551.22,2599.0,2525.86,2563.7,362971.1182,2563.7
2025-05-27 05:30:00,Ethereum,2563.7,2712.36,2509.46,2660.81,798430.8862,2660.81
2025-05-28 05:30:00,Ethereum,2660.81,2689.14,2608.5,2681.6,560095.6833,2681.6
2025-05-29 05:30:00,Ethereum,2681.61,2788.0,2619.05,2631.39,811567.2545,2631.39
2025-05-30 05:30:00,Ethereum,2631.39,2649.23,2507.35,2531.34,763045.2564,2531.34
2025-05-31 05:30:00,Ethereum,2531.35,2550.34,2475.33,2528.06,394537.2521,2528.06
2025-06-01 05:30:00,Ethereum,2528.06,2547.79,2468.56,2539.21,332021.7088,2539.21
2025-06-02 05:30:00,Ethereum,2539.2,2615.0,2475.0,2607.41,468889.9737,2607.41
2025-06-03 05:30:00,Ethereum,2607.42,2655.38,2575.0,2593.36,454383.0439,2593.36
2025-06-04 05:30:00,Ethereum,2593.35,2679.88,2583.5,2607.68,502494.8214,2607.68
2025-06-05 05:30:00,Ethereum,2607.68,2640.86,2391.66,2414.01,808938.0344,2414.01
2025-06-06 05:30:00,Ethereum,2414.02,2531.36,2381.49,2476.1,578843.4974,2476.1
2025-06-07 05:30:00,Ethereum,2476.1,2544.36,2457.0,2524.63,264787.6743,2524.63
2025-06-08 05:30:00,Ethereum,2524.64,2548.63,2490.58,2509.83,266474.7139,2509.83
2025-06-09 05:30:00,Ethereum,2509.84,2693.99,2477.73,2680.13,568726.3025,2680.13
2025-06-10 05:30:00,Ethereum,2680.13,2827.0,2655.61,2816.4,1138405.4775,2816.4
2025-06-11 05:30:00,Ethereum,2816.41,2879.22,2743.75,2771.61,850210.9324,2771.61
2025-06-12 05:30:00,Ethereum,2771.6,2784.83,2616.24,2642.65,699593.3757,2642.65
2025-06-13 05:30:00,Ethereum,2642.66,2645.45,2436.98,2579.19,1202176.2972,2579.19
2025-06-14 05:30:00,Ethereum,2579.19,2579.43,2488.72,2530.76,331438.9278,2530.76
2025-06-15 05:30:00,Ethereum,2530.77,2559.51,2492.0,2547.61,299701.6624,2547.61
2025-06-16 05:30:00,Ethereum,2547.62,2680.34,2514.85,2544.17,680429.988,2544.17
2025-06-17 05:30:00,Ethereum,2544.17,2618.6,2453.8,2509.95,715930.4081,2509.95
2025-06-18 05:30:00,Ethereum,2509.95,2548.42,2465.78,2525.0,504532.1818,2525.0
2025-06-19 05:30:00,Ethereum,2525.0,2546.91,2485.03,2521.12,252646.059,2521.12
2025-06-20 05:30:00,Ethereum,2521.13,2569.0,2367.36,2406.49,632027.8235,2406.49
2025-06-21 05:30:00,Ethereum,2406.49,2448.8,2216.0,2295.73,496783.864,2295.73
2025-06-22 05:30:00,Ethereum,2295.72,2314.48,2111.89,2227.7,840155.8295,2227.7
2025-06-23 05:30:00,Ethereum,2227.7,2438.68,2188.0,2411.66,744583.8003,2411.66
2025-06-24 05:30:00,Ethereum,2411.66,2482.04,2376.11,2448.45,516760.6621,2448.45
2025-06-25 05:30:00,Ethereum,2448.46,2468.69,2389.69,2418.49,414894.7387,2418.49
2025-06-26 05:30:00,Ethereum,2418.5,2520.92,2394.32,2415.96,463704.0261,2415.96
2025-06-27 05:30:00,Ethereum,2415.96,2463.54,2382.53,2423.17,381474.766,2423.17
2025-06-28 05:30:00,Ethereum,2423.17,2447.8,2405.81,2435.62,155814.9859,2435.62
2025-06-29 05:30:00,Ethereum,2435.62,2525.0,2412.0,2500.09,284291.8057,2500.09
2025-06-30 05:30:00,Ethereum,2500.09,2524.3,2431.0,2485.47,440455.714,2485.47
2025-07-01 05:30:00,Ethereum,2485.47,2500.8,2386.52,2405.01,351951.0868,2405.01
2025-07-02 05:30:00,Ethereum,2405.01,2619.28,2373.0,2570.41,634967.0337,2570.41
2025-07-03 05:30:00,Ethereum,2570.41,2635.5,2556.12,2591.25,504943.6592,2591.25
2025-07-04 05:30:00,Ethereum,2591.26,2603.17,2474.24,2508.04,452593.02,2508.04
2025-07-05 05:30:00,Ethereum,2508.04,2529.81,2487.95,2516.41,157198.0958,2516.41
2025-07-06 05:30:00,Ethereum,2516.42,2605.0,2503.5,2570.35,277593.6319,2570.35
2025-07-07 05:30:00,Ethereum,2570.35,2590.57,2512.0,2542.29,315707.5272,2542.29
2025-07-08 05:30:00,Ethereum,2542.3,2628.21,2523.59,2615.25,370915.7321,2615.25
2025-07-09 05:30:00,Ethereum,2615.25,2795.74,2589.78,2768.74,686119.3772,2768.74
2025-07-10 05:30:00,Ethereum,2768.74,3000.0,2755.5,2951.29,951896.07,2951.29
2025-07-11 05:30:00,Ethereum,2951.29,3040.15,2913.75,2958.22,906839.1689,2958.22
2025-07-12 05:30:00,Ethereum,2958.21,2979.78,2903.85,2943.28,348884.8877,2943.28
2025-07-13 05:30:00,Ethereum,2943.29,3020.31,2936.49,2972.03,357333.5016,2972.03
2025-07-14 05:30:00,Ethereum,2972.03,3083.0,2962.81,3013.62,815552.6496,3013.62
2025-07-15 05:30:00,Ethereum,3013.61,3144.14,2932.46,3137.89,863583.7377,3137.89
2025-07-16 05:30:00,Ethereum,3137.9,3425.0,3101.0,3371.35,1135950.5831,3371.35
2025-07-17 05:30:00,Ethereum,3371.35,3523.44,3310.77,3476.87,974065.8264,3476.87
2025-07-18 05:30:00,Ethereum,3476.88,3673.84,3458.68,3546.92,1163823.3977,3546.92
2025-07-19 05:30:00,Ethereum,3546.92,3608.3,3506.79,3592.01,381791.9213,3592.01
2025-07-20 05:30:00,Ethereum,3592.0,3824.56,3579.13,3756.69,852356.5533,3756.69
2025-07-21 05:30:00,Ethereum,3756.69,3860.0,3701.01,3762.33,812074.0534,3762.33
2025-07-22 05:30:00,Ethereum,3762.32,3798.65,3616.54,3746.21,870127.3864,3746.21
2025-07-23 05:30:00,Ethereum,3746.21,3764.2,3527.0,3628.29,800259.4025,3628.29
2025-07-24 05:30:00,Ethereum,3628.29,3771.0,3502.85,3706.94,749459.495,3706.94
2025-07-25 05:30:00,Ethereum,3706.95,3747.0,3573.76,3724.96,764606.7261,3724.96
2025-07-26 05:30:00,Ethereum,3724.97,3793.0,3697.66,3741.1,407259.7024,3741.1
2025-07-27 05:30:00,Ethereum,3741.11,3879.82,3731.0,3872.1,457352.4605,3872.1
2025-07-28 05:30:00,Ethereum,3872.11,3941.0,3754.0,3799.0,620994.7463,3799.0
2025-07-29 05:30:00,Ethereum,3799.0,3886.44,3716.04,3793.79,584210.4393,3793.79
2025-07-30 05:30:00,Ethereum,3793.79,3834.03,3677.65,3810.0,525424.9003,3810.0
2025-07-31 05:30:00,Ethereum,3810.0,3878.67,3684.33,3698.39,516088.4503,3698.39
2025-08-01 05:30:00,Ethereum,3698.39,3724.02,3431.75,3488.2,783869.1517,3488.2
2025-08-02 05:30:00,Ethereum,3488.21,3537.69,3368.29,3393.94,494195.7094,3393.94
2025-08-03 05:30:00,Ethereum,3393.94,3521.79,3354.28,3496.74,296347.6758,3496.74
2025-08-04 05:30:00,Ethereum,3496.75,3736.73,3490.73,3720.99,463349.9861,3720.99
2025-08-05 05:30:00,Ethereum,3720.99,3722.24,3546.0,3612.0,489070.9589,3612.0
2025-08-06 05:30:00,Ethereum,3612.01,3698.6,3564.19,3683.31,365309.9205,3683.31
2025-08-07 05:30:00,Ethereum,3683.31,3927.77,3647.63,3910.31,631678.9872,3910.31
2025-08-08 05:30:00,Ethereum,3910.3,4071.0,3880.0,4009.5,723300.0109,4009.5
2025-08-09 05:30:00,Ethereum,4009.51,4326.2,4006.63,4260.62,691932.1048,4260.62
2025-08-10 05:30:00,Ethereum,4260.63,4332.6,4153.07,4250.57,494843.8105,4250.57
2025-08-11 05:30:00,Ethereum,4250.58,4366.46,4166.77,4223.22,722664.04,4223.22
2025-08-12 05:30:00,Ethereum,4223.22,4639.7,4219.04,4590.52,885288.0652,4590.52
2025-08-13 05:30:00,Ethereum,4590.52,4783.85,4564.33,4749.3,925931.4988,4749.3
2025-08-14 05:30:00,Ethereum,4749.31,4788.0,4451.33,4546.84,1265449.0453,4546.84
2025-08-15 05:30:00,Ethereum,4546.84,4672.67,4368.0,4439.47,880409.2591,4439.47
2025-08-16 05:30:00,Ethereum,4439.47,4490.42,4372.54,4421.99,358676.5884,4421.99
2025-08-17 05:30:00,Ethereum,4422.0,4576.0,4393.98,4472.33,442461.3829,4472.33
2025-08-18 05:30:00,Ethereum,4472.34,4481.88,4225.86,4312.99,823188.1269,4312.99
2025-08-19 05:30:00,Ethereum,4312.99,4355.0,4067.34,4075.59,831222.7951,4075.59
2025-08-20 05:30:00,Ethereum,4075.58,4378.0,4060.0,4336.16,728324.8933,4336.16
2025-08-21 05:30:00,Ethereum,4336.16,4340.26,4204.2,4225.3,433836.3992,4225.3
2025-08-22 05:30:00,Ethereum,4225.3,4887.59,4207.39,4832.07,1277976.63526,4832.07
2025-08-23 05:30:00,Ethereum,4832.07,4832.07,4659.7,4778.4,512442.0888,4778.4
2025-08-24 05:30:00,Ethereum,4778.4,4956.78,4711.0,4780.15,780668.77842,4780.15
2025-08-25 05:30:00,Ethereum,4780.15,4797.97,4334.13,4376.18,1043917.1659,4376.18
2025-08-26 05:30:00,Ethereum,4376.17,4633.46,4311.04,4600.63,834750.2767,4600.63
2025-08-27 05:30:00,Ethereum,4600.63,4663.93,4481.53,4506.71,606669.3611,4506.71
2025-08-28 05:30:00,Ethereum,4506.71,4633.97,4430.0,4511.21,485243.4027,4511.21
2025-08-29 05:30:00,Ethereum,4511.2,4516.75,4265.0,4360.18,679063.8777,4360.18
2025-08-30 05:30:00,Ethereum,4360.18,4415.61,4257.2,4373.7,340319.1826,4373.7
2025-08-31 05:30:00,Ethereum,4373.7,4498.47,4372.63,4391.83,356586.1861,4391.83
2025-09-01 05:30:00,Ethereum,4391.83,4491.84,4210.61,4314.5,513830.0395,4314.5
2025-09-02 05:30:00,Ethereum,4314.5,4416.78,4257.85,4326.5,524605.0512,4326.5
2025-09-03 05:30:00,Ethereum,4326.49,4490.64,4283.23,4450.46,487091.6861,4450.46
2025-09-04 05:30:00,Ethereum,4450.46,4482.05,4265.33,4297.55,471795.7096,4297.55
2025-09-05 05:30:00,Ethereum,4297.56,4490.0,4256.03,4307.45,624169.8754,4307.45
2025-09-06 05:30:00,Ethereum,4307.46,4329.3,4236.0,4273.14,191166.0686,4273.14
2025-09-07 05:30:00,Ethereum,4273.15,4336.02,4270.81,4306.19,169620.8372,4306.19
2025-09-08 05:30:00,Ethereum,4306.19,4384.06,4279.0,4306.37,372882.4355,4306.37
2025-09-09 05:30:00,Ethereum,4306.36,4381.87,4276.76,4310.09,405485.7821,4310.09
2025-09-10 05:30:00,Ethereum,4310.08,4453.57,4285.1,4349.32,506633.9098,4349.32
2025-09-11 05:30:00,Ethereum,4349.33,4481.09,4338.82,4458.82,441259.6649,4458.82
2025-09-12 05:30:00,Ethereum,4458.83,4748.4,4450.71,4712.16,510777.5402,4712.16
2025-09-13 05:30:00,Ethereum,4712.16,4769.36,4605.0,4666.53,394393.6869,4666.53
2025-09-14 05:30:00,Ethereum,4666.54,4692.36,4576.89,4604.49,278244.3205,4604.49
2025-09-15 05:30:00,Ethereum,4604.48,4670.28,4466.0,4523.74,412291.9687,4523.74
2025-09-16 05:30:00,Ethereum,4523.74,4538.25,4424.0,4501.29,293307.1099,4501.29
2025-09-17 05:30:00,Ethereum,4501.3,4616.77,4412.0,4590.53,476981.4561,4590.53
2025-09-18 05:30:00,Ethereum,4590.54,4644.47,4553.7,4587.66,290660.377,4587.66
2025-09-19 05:30:00,Ethereum,4587.66,4620.72,4435.7,4468.59,331611.1482,4468.59
2025-09-20 05:30:00,Ethereum,4468.59,4508.71,4454.45,4480.42,130781.913,4480.42
2025-09-21 05:30:00,Ethereum,4480.41,4498.16,4443.0,4444.97,149349.8262,4444.97
2025-09-22 05:30:00,Ethereum,4444.98,4455.76,4077.0,4199.08,708243.2348,4199.08
2025-09-23 05:30:00,Ethereum,4199.09,4229.03,4114.39,4164.26,315227.9057,4164.26
2025-09-24 05:30:00,Ethereum,4164.25,4206.9,4073.74,4152.81,353665.5671,4152.81
2025-09-25 05:30:00,Ethereum,4152.81,4161.04,3815.0,3874.36,930327.6951,3874.36
2025-09-26 05:30:00,Ethereum,3874.35,4068.3,3867.65,4032.24,575711.0859,4032.24
2025-09-27 05:30:00,Ethereum,4032.24,4039.01,3972.98,4018.38,172693.2638,4018.38
2025-09-28 05:30:00,Ethereum,4018.39,4144.88,3966.0,4142.16,240331.8589,4142.16
2025-09-29 05:30:00,Ethereum,4142.16,4235.86,4082.25,4215.07,380728.6784,4215.07
2025-09-30 05:30:00,Ethereum,4215.07,4245.0,4092.1,4145.15,391126.6172,4145.15
2025-10-01 05:30:00,Ethereum,4145.15,4355.46,4123.08,4348.03,507026.3822,4348.03
2025-10-02 05:30:00,Ethereum,4348.03,4516.74,4332.73,4484.35,526411.1571,4484.35
2025-10-03 05:30:00,Ethereum,4484.35,4591.59,4428.0,4512.87,485684.0267,4512.87
2025-10-04 05:30:00,Ethereum,4512.88,4517.93,4440.0,4487.15,199732.7088,4487.15
2025-10-05 05:30:00,Ethereum,4487.16,4618.17,4467.05,4514.32,506587.9614,4514.32
2025-10-06 05:30:00,Ethereum,4514.32,4735.93,4488.25,4684.01,456200.6528,4684.01
2025-10-07 05:30:00,Ethereum,4684.02,4755.0,4430.43,4447.7,640685.9319,4447.7
2025-10-08 05:30:00,Ethereum,4447.7,4558.0,4410.08,4525.72,399904.3287,4525.72
2025-10-09 05:30:00,Ethereum,4525.72,4531.52,4265.06,4368.09,515978.1829,4368.09
2025-10-10 05:30:00,Ethereum,4368.09,4393.63,3435.0,3829.72,1493971.0244,3829.72
2025-10-11 05:30:00,Ethereum,3829.72,3878.3,3643.33,3746.79,789885.6582,3746.79
2025-10-12 05:30:00,Ethereum,3746.8,4197.7,3694.74,4152.29,811308.152,4152.29
2025-10-13 05:30:00,Ethereum,4152.29,4292.0,4042.29,4240.85,622813.9247,4240.85
2025-10-14 05:30:00,Ethereum,4240.86,4263.38,3888.74,4125.02,962996.7658,4125.02
2025-10-15 05:30:00,Ethereum,4125.01,4217.6,3926.74,3985.61,626081.6966,3985.61
2025-10-16 05:30:00,Ethereum,3985.61,4086.49,3826.04,3894.51,643804.6163,3894.51
2025-10-17 05:30:00,Ethereum,3894.5,3950.45,3674.5,3831.57,830127.0885,3831.57
2025-10-18 05:30:00,Ethereum,3831.58,3927.73,3819.07,3889.21,250710.6121,3889.21
2025-10-19 05:30:00,Ethereum,3889.2,4030.94,3827.04,3982.58,408538.2545,3982.58
2025-10-20 05:30:00,Ethereum,3982.58,4085.3,3908.73,3979.22,511382.3301,3979.22
2025-10-21 05:30:00,Ethereum,3979.22,4110.0,3840.24,3873.05,590594.1382,3873.05
2025-10-22 05:30:00,Ethereum,3873.04,3889.27,3710.0,3805.53,593130.0905,3805.53
2025-10-23 05:30:00,Ethereum,3805.53,3934.86,3796.54,3856.8,477231.0181,3856.8
2025-10-24 05:30:00,Ethereum,3856.8,4026.39,3845.86,3934.88,425926.9383,3934.88
2025-10-25 05:30:00,Ethereum,3934.88,3969.22,3912.4,3953.82,138526.3338,3953.82
2025-10-26 05:30:00,Ethereum,3953.81,4178.78,3919.03,4158.46,344698.0918,4158.46
2025-10-27 05:30:00,Ethereum,4158.46,4253.72,4095.0,4120.15,487131.2291,4120.15
2025-10-28 05:30:00,Ethereum,4120.16,4175.55,3931.33,3979.2,472965.8377,3979.2
2025-10-29 05:30:00,Ethereum,3979.19,4036.66,3840.37,3902.99,486452.3127,3902.99
2025-10-30 05:30:00,Ethereum,3903.0,3948.74,3680.0,3805.09,531455.9923,3805.09
2025-10-31 05:30:00,Ethereum,3804.95,3906.09,3796.36,3847.99,478636.2995,3847.99
2025-11-01 05:30:00,Ethereum,3848.0,3909.39,3831.0,3873.77,152998.1626,3873.77
2025-11-02 05:30:00,Ethereum,3873.78,3918.23,3839.12,3906.58,216083.1542,3906.58
2025-11-03 05:30:00,Ethereum,3906.58,3914.29,3558.82,3603.83,877187.3852,3603.83
2025-11-04 05:30:00,Ethereum,3603.84,3654.54,3057.0,3287.05,1568004.2379,3287.05
2025-11-05 05:30:00,Ethereum,3287.05,3480.46,3166.66,3424.29,809591.5132,3424.29
2025-11-06 05:30:00,Ethereum,3424.29,3456.46,3245.45,3315.14,566363.7003,3315.14
2025-11-07 05:30:00,Ethereum,3315.14,3473.0,3194.2,3436.05,683417.3854,3436.05
2025-11-08 05:30:00,Ethereum,3436.04,3488.0,3355.58,3401.51,291532.2881,3401.51
2025-11-09 05:30:00,Ethereum,3401.51,3623.25,3358.66,3583.46,464098.052,3583.46
2025-11-10 05:30:00,Ethereum,3583.46,3658.98,3507.3,3567.85,595273.0298,3567.85
2025-11-11 05:30:00,Ethereum,3567.85,3648.27,3405.24,3417.76,660283.2747,3417.76
2025-11-12 05:30:00,Ethereum,3417.76,3588.19,3371.65,3414.92,553101.9368,3414.92
2025-11-13 05:30:00,Ethereum,3414.91,3565.84,3154.22,3231.54,951989.1347,3231.54
2025-11-14 05:30:00,Ethereum,3231.55,3256.71,3070.0,3112.4,890446.1491,3112.4
2025-11-15 05:30:00,Ethereum,3112.4,3230.0,3110.68,3167.88,338463.4782,3167.88
2025-11-16 05:30:00,Ethereum,3167.87,3249.0,3004.0,3095.29,570633.5809,3095.29
2025-11-17 05:30:00,Ethereum,3095.29,3223.38,2959.46,3031.44,762500.4289,3031.44
2025-11-18 05:30:00,Ethereum,3031.44,3169.95,2946.56,3123.66,766640.1058,3123.66
2025-11-19 05:30:00,Ethereum,3123.65,3125.54,2873.64,3025.48,737926.7146,3025.48
2025-11-20 05:30:00,Ethereum,3025.48,3063.61,2790.01,2834.22,912524.3718,2834.22
2025-11-21 05:30:00,Ethereum,2834.21,2886.73,2623.57,2765.85,1180475.4085,2765.85
2025-11-22 05:30:00,Ethereum,2765.86,2799.01,2704.33,2770.12,264691.3089,2770.12
2025-11-23 05:30:00,Ethereum,2770.12,2858.16,2768.29,2802.16,409808.5734,2802.16
2025-11-24 05:30:00,Ethereum,2802.16,2987.0,2763.0,2953.38,715279.7551,2953.38
2025-11-25 05:30:00,Ethereum,2953.38,2980.82,2857.32,2959.36,427686.4528,2959.36
2025-11-26 05:30:00,Ethereum,2959.36,3045.0,2888.69,3026.56,364535.326,3026.56
2025-11-27 05:30:00,Ethereum,3026.56,3071.37,2985.78,3015.23,274980.3955,3015.23
2025-11-28 05:30:00,Ethereum,3015.23,3099.0,2994.36,3031.15,346616.0275,3031.15
2025-11-29 05:30:00,Ethereum,3031.14,3052.64,2961.91,2989.16,217904.1303,2989.16
2025-11-30 05:30:00,Ethereum,2989.17,3053.02,2975.3,2991.26,182722.4253,2991.26
2025-12-01 05:30:00,Ethereum,2991.25,2999.47,2716.04,2799.07,849002.9909,2799.07
2025-12-02 05:30:00,Ethereum,2799.07,3033.76,2782.19,2996.07,523707.3586,2996.07
2025-12-03 05:30:00,Ethereum,2996.07,3214.99,2985.58,3188.36,553669.8146,3188.36
2025-12-04 05:30:00,Ethereum,3188.39,3240.35,3066.37,3133.26,486698.3987,3133.26
2025-12-05 05:30:00,Ethereum,3133.26,3193.33,2983.08,3021.78,530382.8986,3021.78
2025-12-06 05:30:00,Ethereum,3021.77,3069.0,3012.58,3038.06,159721.2488,3038.06
2025-12-07 05:30:00,Ethereum,3038.06,3150.0,2907.52,3059.85,391129.675,3059.85
2025-12-08 05:30:00,Ethereum,3059.86,3180.51,3040.87,3124.16,452820.2207,3124.16
2025-12-09 05:30:00,Ethereum,3124.16,3397.85,3090.8,3318.04,603859.9458,3318.04
2025-12-10 05:30:00,Ethereum,3318.04,3447.44,3288.1,3324.14,539585.4535,3324.14
2025-12-11 05:30:00,Ethereum,3324.14,3327.37,3145.28,3237.39,504114.2391,3237.39
2025-12-12 05:30:00,Ethereum,3237.38,3265.5,3045.31,3084.86,435686.4435,3084.86
2025-12-13 05:30:00,Ethereum,3084.86,3135.68,3078.6,3114.64,136465.7567,3114.64
2025-12-14 05:30:00,Ethereum,3114.64,3129.54,3024.44,3063.5,279058.3545,3063.5
2025-12-15 05:30:00,Ethereum,3063.49,3177.5,2894.57,2964.85,520509.9555,2964.85
2025-12-16 05:30:00,Ethereum,2964.85,2981.87,2876.0,2962.3,378293.1159,2962.3
2025-12-17 05:30:00,Ethereum,2962.3,3030.92,2791.02,2833.49,497630.4162,2833.49
2025-12-18 05:30:00,Ethereum,2833.5,2997.4,2775.19,2828.57,595253.7997,2828.57
2025-12-19 05:30:00,Ethereum,2828.56,3020.0,2808.63,2979.5,531702.5439,2979.5
2025-12-20 05:30:00,Ethereum,2979.49,2994.41,2964.17,2977.93,91783.7734,2977.93
2025-12-21 05:30:00,Ethereum,2977.93,3013.4,2944.0,3002.02,162244.8067,3002.02
2025-12-22 05:30:00,Ethereum,3002.03,3077.39,2963.43,3009.49,298443.5633,3009.49
2025-12-23 05:30:00,Ethereum,3009.48,3035.79,2900.93,2965.02,386465.747,2965.02
2025-12-24 05:30:00,Ethereum,2965.03,2978.15,2888.7,2947.47,197035.5598,2947.47
2025-12-25 05:30:00,Ethereum,2947.48,2971.46,2891.2,2903.95,188721.2981,2903.95
2025-12-26 05:30:00,Ethereum,2903.9,2994.38,2894.26,2927.99,314830.9989,2927.99
2025-12-27 05:30:00,Ethereum,2928.0,2960.89,2917.13,2949.05,95040.3956,2949.05
2025-12-28 05:30:00,Ethereum,2949.05,2961.23,2924.54,2950.91,128834.139,2950.91
2025-12-29 05:30:00,Ethereum,2950.91,3057.78,2910.25,2937.9,485959.1824,2937.9
2025-12-30 05:30:00,Ethereum,2937.91,3009.8,2919.44,2973.69,286583.2879,2973.69
2025-12-31 05:30:00,Ethereum,2973.69,3028.08,2958.91,2971.64,233729.5887,2971.64
2026-01-01 05:30:00,Ethereum,2971.65,3010.0,2971.15,3004.19,136088.5207,3004.19
2026-01-02 05:30:00,Ethereum,3004.19,3150.01,2992.49,3125.45,369891.2449,3125.45
2026-01-03 05:30:00,Ethereum,3125.46,3136.71,3076.0,3127.11,134405.2258,3127.11
2026-01-04 05:30:00,Ethereum,3127.11,3167.22,3118.75,3144.7,181576.0686,3144.7
2026-01-05 05:30:00,Ethereum,3144.71,3265.66,3135.02,3224.99,382446.6618,3224.99
2026-01-06 05:30:00,Ethereum,3224.99,3308.86,3183.27,3296.84,412503.5066,3296.84
2026-01-07 05:30:00,Ethereum,3296.83,3296.84,3125.42,3168.72,321350.1225,3168.72
2026-01-08 05:30:00,Ethereum,3168.72,3184.39,3054.65,3106.65,343616.1005,3106.65
2026-01-09 05:30:00,Ethereum,3106.66,3148.41,3058.69,3088.4,274587.4533,3088.4
2026-01-10 05:30:00,Ethereum,3088.4,3104.12,3077.99,3086.72,82341.0546,3086.72
2026-01-11 05:30:00,Ethereum,3086.72,3147.27,3084.46,3123.45,149381.2965,3123.45
2026-01-12 05:30:00,Ethereum,3123.46,3171.49,3065.55,3095.75,297373.4681,3095.75
2026-01-13 05:30:00,Ethereum,3095.75,3367.79,3091.96,3325.82,457782.2816,3325.82
2026-01-14 05:30:00,Ethereum,3325.83,3402.89,3280.48,3354.92,503440.0759,3354.92
2026-01-15 05:30:00,Ethereum,3354.92,3384.19,3273.72,3318.69,389993.836,3318.69
2026-01-16 05:30:00,Ethereum,3318.7,3326.79,3253.01,3296.28,223921.7876,3296.28
2026-01-17 05:30:00,Ethereum,3296.28,3330.26,3283.96,3310.56,124325.0303,3310.56
2026-01-18 05:30:00,Ethereum,3310.56,3368.82,3278.86,3284.03,173354.3026,3284.03
2026-01-19 05:30:00,Ethereum,3284.04,3284.58,3165.38,3189.55,442540.5596,3189.55
2026-01-20 05:30:00,Ethereum,3189.56,3200.5,2920.0,2939.88,518166.4787,2939.88
2026-01-21 05:30:00,Ethereum,2939.88,3069.07,2866.11,2982.27,577800.2481,2982.27
2026-01-22 05:30:00,Ethereum,2982.28,3038.33,2906.02,2952.69,291660.7349,2952.69
2026-01-23 05:30:00,Ethereum,2952.7,3019.26,2892.4,2956.41,318415.3317,2956.41
2026-01-24 05:30:00,Ethereum,2956.41,2970.41,2943.84,2953.22,92082.9039,2953.22
2026-01-25 05:30:00,Ethereum,2953.23,2960.29,2787.0,2816.89,380186.5326,2816.89
2026-01-26 05:30:00,Ethereum,2816.9,2951.21,2812.37,2930.35,485169.3372,2930.35
2026-01-27 05:30:00,Ethereum,2930.35,3035.08,2899.77,3026.77,478792.3988,3026.77
2026-01-28 05:30:00,Ethereum,3026.77,3045.78,2983.67,3010.78,296607.6549,3010.78
2026-01-29 05:30:00,Ethereum,3010.78,3013.5,2754.53,2822.59,561288.5979,2822.59
2026-01-30 05:30:00,Ethereum,2822.6,2828.65,2636.01,2707.38,793279.6252,2707.38
2026-01-31 05:30:00,Ethereum,2707.37,2714.64,2250.0,2451.95,1113097.7132,2451.95
2026-02-01 05:30:00,Ethereum,2451.96,2475.98,2222.0,2270.15,1026573.9466,2270.15
2026-02-02 05:30:00,Ethereum,2270.16,2396.62,2157.14,2347.02,1248535.2114,2347.02
2026-02-03 05:30:00,Ethereum,2347.01,2359.88,2110.0,2233.72,1321099.3867,2233.72
2026-02-04 05:30:00,Ethereum,2233.72,2295.74,2076.68,2148.26,1264743.43,2148.26
2026-02-05 05:30:00,Ethereum,2148.25,2173.77,1818.18,1826.83,1952286.6951,1826.83
2026-02-06 05:30:00,Ethereum,1826.83,2093.94,1747.8,2063.38,2102311.5573,2063.38
2026-02-07 05:30:00,Ethereum,2063.37,2121.7,1994.57,2087.08,1142616.4487,2087.08
2026-02-08 05:30:00,Ethereum,2087.08,2152.03,2064.1,2089.74,482837.2515,2089.74
2026-02-09 05:30:00,Ethereum,2089.73,2147.73,2008.62,2105.02,625378.5569,2105.02
2026-02-10 05:30:00,Ethereum,2105.02,2124.71,1989.38,2022.67,574321.6908,2022.67
2026-02-11 05:30:00,Ethereum,2022.67,2032.31,1903.19,1941.18,529655.8177,1941.18
2026-02-12 05:30:00,Ethereum,1941.19,2001.42,1897.24,1947.85,427567.1469,1947.85
2026-02-13 05:30:00,Ethereum,1947.85,2073.68,1924.72,2048.72,425649.7698,2048.72
2026-02-14 05:30:00,Ethereum,2048.72,2107.67,2042.37,2086.59,220677.2355,2086.59
2026-02-15 05:30:00,Ethereum,2086.59,2103.32,1928.88,1966.58,834778.0952,1966.58
2026-02-16 05:30:00,Ethereum,1966.59,2023.51,1937.24,1998.33,351347.9433,1998.33
2026-02-17 05:30:00,Ethereum,1998.34,2015.33,1941.66,1991.66,406246.9427,1991.66
2026-02-18 05:30:00,Ethereum,1991.67,2039.05,1923.78,1955.91,393639.0086,1955.91
2026-02-19 05:30:00,Ethereum,1955.9,1987.55,1907.0,1949.08,300257.0733,1949.08
2026-02-20 05:30:00,Ethereum,1949.08,1981.18,1922.97,1968.88,386253.5557,1968.88
2026-02-21 05:30:00,Ethereum,1968.88,1995.56,1955.62,1973.35,179173.8456,1973.35
2026-02-22 05:30:00,Ethereum,1973.35,1983.13,1935.0,1957.82,155325.6482,1957.82
2026-02-23 05:30:00,Ethereum,1957.82,1958.33,1837.13,1856.3,547359.4869,1856.3
2026-02-24 05:30:00,Ethereum,1856.3,1869.58,1800.0,1851.94,438064.0284,1851.94
2026-02-25 05:30:00,Ethereum,1851.95,2148.39,1846.74,2057.48,682979.4378,2057.48
2026-02-26 05:30:00,Ethereum,2057.48,2083.33,1975.35,2027.68,439783.3566,2027.68
2026-02-27 05:30:00,Ethereum,2027.68,2063.52,1887.0,1929.84,428687.234,1929.84
2026-02-28 05:30:00,Ethereum,1929.84,1984.99,1835.36,1964.51,461680.9835,1964.51
2026-03-01 05:30:00,Ethereum,1964.51,2054.8,1907.41,1939.71,529196.8464,1939.71
2026-03-02 05:30:00,Ethereum,1939.71,2090.0,1920.0,2027.35,577406.3749,2027.35
2026-03-03 05:30:00,Ethereum,2027.34,2041.48,1929.56,1982.8,509329.8534,1982.8
2026-03-04 05:30:00,Ethereum,1982.81,2199.0,1945.08,2127.28,737644.8152,2127.28
2026-03-05 05:30:00,Ethereum,2127.28,2163.66,2054.75,2072.86,432157.8126,2072.86
2026-03-06 05:30:00,Ethereum,2072.86,2093.33,1955.95,1978.68,411597.7569,1978.68
2026-03-07 05:30:00,Ethereum,1978.68,1996.04,1948.09,1969.59,184459.82,1969.59
2026-03-08 05:30:00,Ethereum,1969.6,1979.8,1916.14,1937.1,391189.7317,1937.1
2026-03-09 05:30:00,Ethereum,1937.11,2053.52,1929.65,1992.98,550825.4883,1992.98
2026-03-10 05:30:00,Ethereum,1992.97,2088.19,1991.0,2036.51,463411.8739,2036.51
2026-03-11 05:30:00,Ethereum,2036.5,2085.58,2007.17,2051.97,350061.256,2051.97
2026-03-12 05:30:00,Ethereum,2051.97,2058.16,2017.59,2047.06,88590.3375,2047.06
2025-03-13 05:30:00,BNB,569.87,613.71,567.99,579.8,647497.028,579.8
2025-03-14 05:30:00,BNB,579.8,589.81,576.61,587.76,213012.082,587.76
2025-03-15 05:30:00,BNB,587.76,619.96,587.49,619.83,254324.009,619.83
2025-03-16 05:30:00,BNB,619.82,622.8,593.06,602.2,255774.316,602.2
2025-03-17 05:30:00,BNB,602.21,643.72,602.04,631.69,591668.184,631.69
2025-03-18 05:30:00,BNB,631.68,643.33,620.28,627.81,443437.833,627.81
2025-03-19 05:30:00,BNB,627.81,628.2,604.36,618.7,399993.645,618.7
2025-03-20 05:30:00,BNB,618.71,637.75,616.55,630.47,578472.125,630.47
2025-03-21 05:30:00,BNB,630.47,637.8,624.92,635.17,262205.569,635.17
2025-03-22 05:30:00,BNB,635.16,636.1,623.79,627.01,140206.083,627.01
2025-03-23 05:30:00,BNB,627.01,629.14,619.5,623.79,155602.578,623.79
2025-03-24 05:30:00,BNB,623.8,639.5,618.0,637.08,307575.991,637.08
2025-03-25 05:30:00,BNB,637.08,644.88,627.05,629.82,554571.557,629.82
2025-03-26 05:30:00,BNB,629.82,634.01,615.3,617.99,222093.835,617.99
2025-03-27 05:30:00,BNB,618.0,642.5,617.2,637.36,743401.847,637.36
2025-03-28 05:30:00,BNB,637.36,637.51,616.0,619.81,317817.16,619.81
2025-03-29 05:30:00,BNB,619.81,623.84,596.97,602.99,254422.261,602.99
2025-03-30 05:30:00,BNB,603.0,613.37,593.58,602.2,195649.405,602.2
2025-03-31 05:30:00,BNB,602.2,608.89,587.26,604.81,254764.269,604.81
2025-04-01 05:30:00,BNB,604.81,618.54,604.46,611.13,565603.069,611.13
2025-04-02 05:30:00,BNB,611.12,614.0,584.85,590.68,399507.957,590.68
2025-04-03 05:30:00,BNB,590.67,610.58,578.46,592.67,507928.514,592.67
2025-04-04 05:30:00,BNB,592.68,600.0,585.0,597.71,177145.405,597.71
2025-04-05 05:30:00,BNB,597.71,599.0,588.71,593.13,85938.079,593.13
2025-04-06 05:30:00,BNB,593.13,593.78,544.17,555.54,332256.265,555.54
2025-04-07 05:30:00,BNB,555.55,567.6,520.0,554.6,727293.86,554.6
2025-04-08 05:30:00,BNB,554.6,566.0,547.64,553.72,212191.86,553.72
2025-04-09 05:30:00,BNB,553.72,585.97,534.3,582.32,378370.127,582.32
2025-04-10 05:30:00,BNB,582.32,583.58,566.17,578.03,369219.863,578.03
2025-04-11 05:30:00,BNB,578.03,590.36,575.7,585.93,174700.72,585.93
2025-04-12 05:30:00,BNB,585.93,600.48,584.0,597.29,151268.708,597.29
2025-04-13 05:30:00,BNB,597.3,598.67,580.32,584.28,144896.285,584.28
2025-04-14 05:30:00,BNB,584.29,593.1,583.14,584.54,153827.795,584.54
2025-04-15 05:30:00,BNB,584.53,590.84,579.38,579.52,141640.579,579.52
2025-04-16 05:30:00,BNB,579.52,587.0,576.0,582.8,174537.948,582.8
2025-04-17 05:30:00,BNB,582.8,592.97,581.0,590.49,151848.259,590.49
2025-04-18 05:30:00,BNB,590.5,596.08,587.08,591.71,191575.748,591.71
2025-04-19 05:30:00,BNB,591.7,594.49,587.7,591.73,96609.003,591.73
2025-04-20 05:30:00,BNB,591.74,595.23,587.5,592.77,115343.598,592.77
2025-04-21 05:30:00,BNB,592.77,608.52,592.53,597.34,171926.422,597.34
2025-04-22 05:30:00,BNB,597.32,619.9,595.0,618.51,285468.164,618.51
2025-04-23 05:30:00,BNB,618.5,619.99,601.38,605.71,314125.448,605.71
2025-04-24 05:30:00,BNB,605.72,606.78,592.59,601.55,204214.28,601.55
2025-04-25 05:30:00,BNB,601.56,610.35,597.2,599.91,257426.554,599.91
2025-04-26 05:30:00,BNB,599.9,609.25,599.34,607.23,137533.142,607.23
2025-04-27 05:30:00,BNB,607.23,608.68,597.0,603.46,121784.476,603.46
2025-04-28 05:30:00,BNB,603.46,608.27,598.2,606.16,143778.008,606.16
2025-04-29 05:30:00,BNB,606.16,610.75,598.1,601.0,236809.997,601.0
2025-04-30 05:30:00,BNB,601.0,604.44,591.42,599.88,210580.664,599.88
2025-05-01 05:30:00,BNB,599.88,605.28,598.14,599.63,156229.229,599.63
2025-05-02 05:30:00,BNB,599.64,603.61,595.12,600.69,141344.865,600.69
2025-05-03 05:30:00,BNB,600.69,601.2,595.23,599.36,100770.294,599.36
2025-05-04 05:30:00,BNB,599.36,600.49,584.7,586.03,143960.835,586.03
2025-05-05 05:30:00,BNB,586.02,599.98,583.55,597.61,201100.589,597.61
2025-05-06 05:30:00,BNB,597.61,603.18,593.23,602.57,214613.107,602.57
2025-05-07 05:30:00,BNB,602.57,609.07,597.89,602.7,194088.591,602.7
2025-05-08 05:30:00,BNB,602.7,629.33,600.8,629.17,384267.525,629.17
2025-05-09 05:30:00,BNB,629.17,671.15,623.12,666.29,480734.869,666.29
2025-05-10 05:30:00,BNB,666.29,678.95,648.83,663.9,444595.43,663.9
2025-05-11 05:30:00,BNB,663.9,668.49,647.83,651.15,319998.959,651.15
2025-05-12 05:30:00,BNB,651.15,693.0,647.31,660.07,586386.945,660.07
2025-05-13 05:30:00,BNB,660.08,672.0,640.66,664.13,416309.75,664.13
2025-05-14 05:30:00,BNB,664.12,667.33,647.15,652.47,290029.994,652.47
2025-05-15 05:30:00,BNB,652.47,661.0,642.29,651.88,313560.813,651.88
2025-05-16 05:30:00,BNB,651.88,659.97,644.0,646.76,200793.607,646.76
2025-05-17 05:30:00,BNB,646.76,646.9,635.05,639.51,141777.711,639.51
2025-05-18 05:30:00,BNB,639.5,655.19,634.39,651.53,189475.296,651.53
2025-05-19 05:30:00,BNB,651.54,653.53,633.51,649.62,210901.52,649.62
2025-05-20 05:30:00,BNB,649.62,653.75,640.14,650.0,169584.291,650.0
2025-05-21 05:30:00,BNB,650.0,678.0,648.49,673.31,470531.895,673.31
2025-05-22 05:30:00,BNB,673.31,690.02,673.0,686.57,390007.996,686.57
2025-05-23 05:30:00,BNB,686.57,691.35,652.19,656.98,343668.707,656.98
2025-05-24 05:30:00,BNB,656.99,677.47,655.4,668.01,165142.039,668.01
2025-05-25 05:30:00,BNB,668.0,671.67,657.1,669.44,169208.322,669.44
2025-05-26 05:30:00,BNB,669.45,678.33,668.22,674.29,180148.252,674.29
2025-05-27 05:30:00,BNB,674.3,697.73,666.56,686.91,326163.491,686.91
2025-05-28 05:30:00,BNB,686.9,689.22,680.04,686.89,211875.743,686.89
2025-05-29 05:30:00,BNB,686.89,691.24,673.33,675.02,260985.136,675.02
2025-05-30 05:30:00,BNB,675.02,678.5,653.22,655.36,218723.509,655.36
2025-05-31 05:30:00,BNB,655.36,661.42,645.04,658.01,158379.39,658.01
2025-06-01 05:30:00,BNB,658.01,662.48,647.58,660.77,131807.448,660.77
2025-06-02 05:30:00,BNB,660.77,667.0,650.05,665.93,143785.605,665.93
2025-06-03 05:30:00,BNB,665.93,673.43,657.11,661.59,158377.459,661.59
2025-06-04 05:30:00,BNB,661.6,671.76,660.84,663.23,124473.802,663.23
2025-06-05 05:30:00,BNB,663.24,670.92,625.44,633.32,271543.149,633.32
2025-06-06 05:30:00,BNB,633.33,651.51,629.38,642.7,169535.957,642.7
2025-06-07 05:30:00,BNB,642.71,653.81,639.69,650.82,90666.37,650.82
2025-06-08 05:30:00,BNB,650.82,656.39,646.49,652.0,72300.314,652.0
2025-06-09 05:30:00,BNB,652.0,667.74,648.01,665.58,127272.158,665.58
2025-06-10 05:30:00,BNB,665.58,674.0,657.26,673.51,176645.056,673.51
2025-06-11 05:30:00,BNB,673.51,674.8,662.2,667.43,177934.085,667.43
2025-06-12 05:30:00,BNB,667.42,669.93,651.91,654.75,152793.975,654.75
2025-06-13 05:30:00,BNB,654.76,659.42,639.01,655.35,223303.917,655.35
2025-06-14 05:30:00,BNB,655.35,655.36,639.0,645.61,93690.143,645.61
2025-06-15 05:30:00,BNB,645.61,652.0,642.77,648.19,79324.646,648.19
2025-06-16 05:30:00,BNB,648.19,659.46,646.26,650.74,124203.787,650.74
2025-06-17 05:30:00,BNB,650.74,659.0,640.11,648.08,182982.263,648.08
2025-06-18 05:30:00,BNB,648.09,654.31,637.35,644.77,143725.674,644.77
2025-06-19 05:30:00,BNB,644.77,646.5,638.66,644.65,80404.985,644.65
2025-06-20 05:30:00,BNB,644.65,651.02,638.0,641.61,143279.622,641.61
2025-06-21 05:30:00,BNB,641.61,644.84,621.94,628.97,143508.116,628.97
2025-06-22 05:30:00,BNB,628.98,635.51,601.25,615.81,243515.033,615.81
2025-06-23 05:30:00,BNB,615.81,642.79,615.05,640.49,219674.329,640.49
2025-06-24 05:30:00,BNB,640.5,644.09,636.17,643.53,131607.231,643.53
2025-06-25 05:30:00,BNB,643.53,652.64,641.85,646.07,169433.154,646.07
2025-06-26 05:30:00,BNB,646.06,650.0,641.12,642.3,103057.286,642.3
2025-06-27 05:30:00,BNB,642.3,648.44,639.16,645.71,81302.955,645.71
2025-06-28 05:30:00,BNB,645.72,649.18,644.25,648.6,57714.965,648.6
2025-06-29 05:30:00,BNB,648.61,656.0,646.72,654.9,73235.796,654.9
2025-06-30 05:30:00,BNB,654.9,660.0,651.17,656.9,110702.196,656.9
2025-07-01 05:30:00,BNB,656.9,659.1,644.0,646.33,85803.055,646.33
2025-07-02 05:30:00,BNB,646.34,664.85,643.71,659.71,112807.955,659.71
2025-07-03 05:30:00,BNB,659.7,664.57,656.7,663.59,99001.436,663.59
2025-07-04 05:30:00,BNB,663.58,664.17,650.21,653.6,89027.412,653.6
2025-07-05 05:30:00,BNB,653.6,656.75,652.0,656.16,51648.289,656.16
2025-07-06 05:30:00,BNB,656.17,664.99,653.54,663.13,82399.119,663.13
2025-07-07 05:30:00,BNB,663.13,663.5,656.77,661.06,83232.984,661.06
2025-07-08 05:30:00,BNB,661.06,662.6,657.36,660.63,86374.042,660.63
2025-07-09 05:30:00,BNB,660.63,671.5,659.05,668.68,123551.595,668.68
2025-07-10 05:30:00,BNB,668.69,687.7,667.25,685.8,214967.536,685.8
2025-07-11 05:30:00,BNB,685.8,697.24,682.83,689.99,268353.904,689.99
2025-07-12 05:30:00,BNB,689.98,697.0,679.63,685.86,134785.185,685.86
2025-07-13 05:30:00,BNB,685.86,694.12,685.12,692.0,84925.723,692.0
2025-07-14 05:30:00,BNB,692.01,707.54,686.05,689.12,253634.996,689.12
2025-07-15 05:30:00,BNB,689.13,693.21,675.3,689.92,188962.491,689.92
2025-07-16 05:30:00,BNB,689.93,715.56,685.2,708.61,238334.938,708.61
2025-07-17 05:30:00,BNB,708.61,727.85,706.14,720.65,409572.675,720.65
2025-07-18 05:30:00,BNB,720.64,765.56,718.73,729.92,556430.085,729.92
2025-07-19 05:30:00,BNB,729.92,742.5,718.76,733.2,188095.81,733.2
2025-07-20 05:30:00,BNB,733.2,761.29,731.5,756.82,253255.203,756.82
2025-07-21 05:30:00,BNB,756.82,781.99,746.06,766.22,338419.952,766.22
2025-07-22 05:30:00,BNB,766.22,788.35,745.0,786.68,359074.056,786.68
2025-07-23 05:30:00,BNB,786.69,809.84,752.47,776.74,709087.1566,776.74
2025-07-24 05:30:00,BNB,776.74,786.16,742.62,770.74,363436.737,770.74
2025-07-25 05:30:00,BNB,770.74,786.0,752.22,785.45,284068.121,785.45
2025-07-26 05:30:00,BNB,785.44,798.0,778.28,793.29,128764.391,793.29
2025-07-27 05:30:00,BNB,793.3,847.12,791.04,844.0,397296.2555,844.0
2025-07-28 05:30:00,BNB,844.0,861.1,820.64,824.07,517734.6912,824.07
2025-07-29 05:30:00,BNB,824.07,835.06,800.12,805.1,427366.132,805.1
2025-07-30 05:30:00,BNB,805.11,811.64,766.21,793.51,369598.736,793.51
2025-07-31 05:30:00,BNB,793.51,814.8,781.38,783.14,335026.145,783.14
2025-08-01 05:30:00,BNB,783.13,795.4,744.69,757.08,393831.558,757.08
2025-08-02 05:30:00,BNB,757.08,770.11,732.36,736.42,209282.992,736.42
2025-08-03 05:30:00,BNB,736.43,755.53,730.01,751.21,142700.965,751.21
2025-08-04 05:30:00,BNB,751.21,770.0,750.47,768.63,171505.406,768.63
2025-08-05 05:30:00,BNB,768.62,769.79,745.11,755.13,179458.96,755.13
2025-08-06 05:30:00,BNB,755.13,774.84,746.26,769.55,163684.71,769.55
2025-08-07 05:30:00,BNB,769.55,788.68,764.17,788.67,188106.802,788.67
2025-08-08 05:30:00,BNB,788.67,798.5,780.74,793.5,195309.718,793.5
2025-08-09 05:30:00,BNB,793.5,819.44,792.81,798.83,202384.753,798.83
2025-08-10 05:30:00,BNB,798.83,815.5,793.68,807.22,162735.303,807.22
2025-08-11 05:30:00,BNB,807.22,827.59,792.0,805.09,316220.572,805.09
2025-08-12 05:30:00,BNB,805.09,839.9,797.73,832.47,268762.259,832.47
2025-08-13 05:30:00,BNB,832.48,858.89,828.23,848.01,395861.313,848.01
2025-08-14 05:30:00,BNB,848.02,869.4,820.6,840.42,592656.9793,840.42
2025-08-15 05:30:00,BNB,840.42,853.53,812.57,827.81,252091.108,827.81
2025-08-16 05:30:00,BNB,827.8,839.79,825.06,838.71,114512.1,838.71
2025-08-17 05:30:00,BNB,838.71,864.0,838.04,855.38,164953.856,855.38
2025-08-18 05:30:00,BNB,855.38,858.51,825.0,846.99,233741.603,846.99
2025-08-19 05:30:00,BNB,847.0,851.95,823.0,824.11,211802.026,824.11
2025-08-20 05:30:00,BNB,824.1,881.02,818.57,869.05,392159.8615,869.05
2025-08-21 05:30:00,BNB,869.05,883.86,833.46,839.49,277889.676,839.49
2025-08-22 05:30:00,BNB,839.49,900.71,839.23,900.21,430842.5317,900.21
2025-08-23 05:30:00,BNB,900.2,900.21,875.55,880.42,209279.872,880.42
2025-08-24 05:30:00,BNB,880.42,886.66,859.34,876.51,289492.317,876.51
2025-08-25 05:30:00,BNB,876.51,880.75,832.76,839.32,320570.155,839.32
2025-08-26 05:30:00,BNB,839.32,868.0,829.59,863.7,194882.089,863.7
2025-08-27 05:30:00,BNB,863.7,867.1,852.9,855.18,135243.457,855.18
2025-08-28 05:30:00,BNB,855.18,881.36,850.85,873.47,232414.922,873.47
2025-08-29 05:30:00,BNB,873.48,878.0,850.19,862.3,180524.219,862.3
2025-08-30 05:30:00,BNB,862.3,864.0,851.61,862.0,101039.981,862.0
2025-08-31 05:30:00,BNB,862.0,867.7,857.0,857.65,94241.193,857.65
2025-09-01 05:30:00,BNB,857.66,869.15,840.0,845.68,254185.715,845.68
2025-09-02 05:30:00,BNB,845.68,856.68,840.71,851.8,164333.169,851.8
2025-09-03 05:30:00,BNB,851.8,864.06,848.91,854.76,116453.022,854.76
2025-09-04 05:30:00,BNB,854.76,856.72,841.1,843.63,108195.902,843.63
2025-09-05 05:30:00,BNB,843.62,857.73,842.22,850.14,120856.951,850.14
2025-09-06 05:30:00,BNB,850.14,865.0,849.55,860.85,144234.054,860.85
2025-09-07 05:30:00,BNB,860.86,884.05,860.55,880.05,136538.058,880.05
2025-09-08 05:30:00,BNB,880.05,885.85,870.01,878.08,177574.781,878.08
2025-09-09 05:30:00,BNB,878.08,884.83,871.38,880.01,150610.03,880.01
2025-09-10 05:30:00,BNB,880.0,907.38,877.04,893.77,306830.178,893.77
2025-09-11 05:30:00,BNB,893.77,904.53,888.38,902.77,179913.182,902.77
2025-09-12 05:30:00,BNB,902.77,929.9,901.41,924.8,240267.9372,924.8
2025-09-13 05:30:00,BNB,924.81,943.86,922.11,933.68,251751.2324,933.68
2025-09-14 05:30:00,BNB,933.68,944.95,921.91,926.51,159814.975,926.51
2025-09-15 05:30:00,BNB,926.51,935.72,910.64,919.68,175249.087,919.68
2025-09-16 05:30:00,BNB,919.68,959.0,916.66,955.65,284918.8385,955.65
2025-09-17 05:30:00,BNB,955.65,995.44,946.1,989.98,362193.1958,989.98
2025-09-18 05:30:00,BNB,989.97,1006.88,979.48,981.04,402672.5617,981.04
2025-09-19 05:30:00,BNB,981.05,1002.99,973.9,984.1,333582.761,984.1
2025-09-20 05:30:00,BNB,984.1,1048.0,982.9,1043.77,380966.0766,1043.77
2025-09-21 05:30:00,BNB,1043.77,1083.47,1039.2,1047.8,464411.2823,1047.8
2025-09-22 05:30:00,BNB,1047.8,1050.55,976.89,992.9,588730.396,992.9
2025-09-23 05:30:00,BNB,992.9,1027.37,962.38,1015.98,420071.07,1015.98
2025-09-24 05:30:00,BNB,1015.98,1034.5,991.46,1018.49,363049.882,1018.49
2025-09-25 05:30:00,BNB,1018.49,1019.9,939.55,945.9,635121.254,945.9
2025-09-26 05:30:00,BNB,945.9,966.23,932.01,960.8,384757.514,960.8
2025-09-27 05:30:00,BNB,960.81,985.79,955.56,968.45,245246.415,968.45
2025-09-28 05:30:00,BNB,968.46,993.65,962.68,993.01,188486.48,993.01
2025-09-29 05:30:00,BNB,993.01,1036.0,991.12,1029.79,291982.5,1029.79
2025-09-30 05:30:00,BNB,1029.79,1034.01,992.93,1008.51,258830.971,1008.51
2025-10-01 05:30:00,BNB,1008.51,1036.2,1003.35,1026.5,269007.811,1026.5
2025-10-02 05:30:00,BNB,1026.5,1099.22,1022.01,1090.22,380679.445,1090.22
2025-10-03 05:30:00,BNB,1090.22,1192.42,1083.84,1189.4,744996.7206,1189.4
2025-10-04 05:30:00,BNB,1189.4,1190.47,1134.93,1150.75,337438.509,1150.75
2025-10-05 05:30:00,BNB,1150.75,1189.0,1143.14,1167.38,306730.178,1167.38
2025-10-06 05:30:00,BNB,1167.38,1239.94,1161.85,1223.19,587477.5601,1223.19
2025-10-07 05:30:00,BNB,1223.17,1349.99,1204.61,1304.43,1351678.4887,1304.43
2025-10-08 05:30:00,BNB,1304.43,1334.19,1264.32,1307.4,826555.123,1307.4
2025-10-09 05:30:00,BNB,1307.4,1320.0,1224.38,1255.35,925627.604,1255.35
2025-10-10 05:30:00,BNB,1255.35,1278.52,860.11,1102.47,1505025.673,1102.47
2025-10-11 05:30:00,BNB,1102.57,1182.76,1073.0,1135.07,1050905.245,1135.07
2025-10-12 05:30:00,BNB,1135.07,1319.8,1107.43,1302.65,1205248.016,1302.65
2025-10-13 05:30:00,BNB,1302.65,1375.11,1251.28,1294.55,1483076.9719,1294.55
2025-10-14 05:30:00,BNB,1294.54,1318.26,1143.01,1208.52,1398659.782,1208.52
2025-10-15 05:30:00,BNB,1208.55,1222.76,1148.92,1162.57,707327.747,1162.57
2025-10-16 05:30:00,BNB,1162.57,1195.0,1122.31,1144.83,716826.497,1144.83
2025-10-17 05:30:00,BNB,1144.83,1156.3,1021.0,1071.15,1066221.771,1071.15
2025-10-18 05:30:00,BNB,1071.15,1131.05,1069.41,1092.43,419996.517,1092.43
2025-10-19 05:30:00,BNB,1092.42,1133.76,1068.04,1109.88,409987.572,1109.88
2025-10-20 05:30:00,BNB,1109.88,1143.2,1088.19,1100.19,481311.055,1100.19
2025-10-21 05:30:00,BNB,1100.2,1114.53,1052.46,1057.16,541524.501,1057.16
2025-10-22 05:30:00,BNB,1057.16,1083.8,1053.25,1071.82,397249.062,1071.82
2025-10-23 05:30:00,BNB,1071.83,1161.9,1071.83,1126.72,774946.718,1126.72
2025-10-24 05:30:00,BNB,1126.71,1144.17,1097.39,1109.01,342712.642,1109.01
2025-10-25 05:30:00,BNB,1109.0,1120.89,1100.96,1116.53,162716.583,1116.53
2025-10-26 05:30:00,BNB,1116.53,1143.35,1114.48,1138.19,240939.545,1138.19
2025-10-27 05:30:00,BNB,1138.19,1182.6,1131.44,1138.88,494467.695,1138.88
2025-10-28 05:30:00,BNB,1138.88,1148.94,1074.0,1103.45,351579.17,1103.45
2025-10-29 05:30:00,BNB,1103.45,1121.35,1082.59,1107.7,459713.496,1107.7
2025-10-30 05:30:00,BNB,1107.7,1129.55,1043.48,1079.05,508291.657,1079.05
2025-10-31 05:30:00,BNB,1079.06,1104.93,1071.43,1088.9,537669.646,1088.9
2025-11-01 05:30:00,BNB,1088.9,1096.93,1081.8,1094.53,163493.548,1094.53
2025-11-02 05:30:00,BNB,1094.54,1094.92,1071.74,1083.25,132402.548,1083.25
2025-11-03 05:30:00,BNB,1083.25,1087.24,960.18,993.54,685198.885,993.54
2025-11-04 05:30:00,BNB,993.54,1002.12,880.8,936.77,985275.518,936.77
2025-11-05 05:30:00,BNB,936.79,969.27,900.39,959.33,526144.027,959.33
2025-11-06 05:30:00,BNB,959.32,965.23,925.07,950.4,312622.425,950.4
2025-11-07 05:30:00,BNB,950.4,995.6,925.7,991.15,452713.504,991.15
2025-11-08 05:30:00,BNB,991.14,1007.41,980.05,991.03,301705.689,991.03
2025-11-09 05:30:00,BNB,991.01,1007.16,975.84,996.63,256660.748,996.63
2025-11-10 05:30:00,BNB,996.63,1019.56,976.22,991.98,281128.796,991.98
2025-11-11 05:30:00,BNB,991.99,1008.6,956.08,958.08,283951.869,958.08
2025-11-12 05:30:00,BNB,958.08,978.61,937.9,952.86,216987.116,952.86
2025-11-13 05:30:00,BNB,952.87,972.2,905.72,927.15,334345.078,927.15
2025-11-14 05:30:00,BNB,927.15,934.04,887.88,915.25,438193.008,915.25
2025-11-15 05:30:00,BNB,915.26,945.22,914.91,932.28,161984.705,932.28
2025-11-16 05:30:00,BNB,932.27,949.77,908.16,926.56,252157.877,926.56
2025-11-17 05:30:00,BNB,926.59,939.55,891.72,907.36,332891.856,907.36
2025-11-18 05:30:00,BNB,907.36,939.99,884.4,932.79,357275.458,932.79
2025-11-19 05:30:00,BNB,932.79,941.06,872.38,897.77,296358.274,897.77
2025-11-20 05:30:00,BNB,897.78,917.0,865.57,866.51,301802.981,866.51
2025-11-21 05:30:00,BNB,866.51,877.33,790.79,830.46,654486.049,830.46
2025-11-22 05:30:00,BNB,830.47,842.93,813.77,833.78,167225.62,833.78
2025-11-23 05:30:00,BNB,833.78,855.46,833.28,843.6,167524.177,843.6
2025-11-24 05:30:00,BNB,843.6,876.3,830.01,864.92,248464.802,864.92
2025-11-25 05:30:00,BNB,864.9,867.66,837.47,862.57,158750.859,862.57
2025-11-26 05:30:00,BNB,862.58,897.25,851.72,891.78,159649.392,891.78
2025-11-27 05:30:00,BNB,891.77,904.86,883.8,895.74,141249.084,895.74
2025-11-28 05:30:00,BNB,895.75,906.5,876.15,887.19,174843.677,887.19
2025-11-29 05:30:00,BNB,887.2,889.0,868.25,872.9,80059.932,872.9
2025-11-30 05:30:00,BNB,872.9,899.75,869.56,875.31,106230.587,875.31
2025-12-01 05:30:00,BNB,875.3,877.12,801.7,826.61,342746.385,826.61
2025-12-02 05:30:00,BNB,826.6,885.0,820.46,876.61,233149.68,876.61
2025-12-03 05:30:00,BNB,876.6,922.63,873.6,920.76,227309.929,920.76
2025-12-04 05:30:00,BNB,920.77,928.24,886.79,899.92,165779.563,899.92
2025-12-05 05:30:00,BNB,899.92,907.92,870.18,883.57,137493.999,883.57
2025-12-06 05:30:00,BNB,883.57,897.9,878.01,890.38,81289.981,890.38
2025-12-07 05:30:00,BNB,890.38,906.0,870.23,894.37,131888.814,894.37
2025-12-08 05:30:00,BNB,894.38,913.29,888.93,897.12,121354.06,897.12
2025-12-09 05:30:00,BNB,897.13,928.0,881.78,897.3,209645.573,897.3
2025-12-10 05:30:00,BNB,897.3,915.0,884.27,893.43,186333.021,893.43
2025-12-11 05:30:00,BNB,893.43,894.7,859.54,885.91,182476.864,885.91
2025-12-12 05:30:00,BNB,885.92,896.07,870.58,881.58,110640.466,881.58
2025-12-13 05:30:00,BNB,881.59,904.22,880.32,896.82,92401.054,896.82
2025-12-14 05:30:00,BNB,896.82,899.5,870.11,877.27,110914.028,877.27
2025-12-15 05:30:00,BNB,877.27,895.42,840.75,858.6,210867.871,858.6
2025-12-16 05:30:00,BNB,858.61,878.44,847.0,875.63,240835.336,875.63
2025-12-17 05:30:00,BNB,875.64,876.16,833.39,843.07,378073.209,843.07
2025-12-18 05:30:00,BNB,843.07,853.49,818.39,830.07,432024.878,830.07
2025-12-19 05:30:00,BNB,830.08,862.33,822.38,856.17,1227346.957,856.17
2025-12-20 05:30:00,BNB,856.17,859.7,850.9,854.17,57015.132,854.17
2025-12-21 05:30:00,BNB,854.17,859.91,845.5,858.64,69986.817,858.64
2025-12-22 05:30:00,BNB,858.63,871.0,850.85,858.66,147275.988,858.66
2025-12-23 05:30:00,BNB,858.67,861.46,838.24,844.3,103894.874,844.3
2025-12-24 05:30:00,BNB,844.3,850.0,835.21,846.58,84917.781,846.58
2025-12-25 05:30:00,BNB,846.57,847.99,826.81,829.64,72777.087,829.64
2025-12-26 05:30:00,BNB,829.63,847.16,821.21,834.72,120232.786,834.72
2025-12-27 05:30:00,BNB,834.72,846.54,834.0,845.04,89882.366,845.04
2025-12-28 05:30:00,BNB,845.05,867.22,839.2,859.32,91601.986,859.32
2025-12-29 05:30:00,BNB,859.32,872.12,846.0,852.46,127151.447,852.46
2025-12-30 05:30:00,BNB,852.46,864.05,848.7,861.65,73233.047,861.65
2025-12-31 05:30:00,BNB,861.66,877.29,857.69,864.3,149994.618,864.3
2026-01-01 05:30:00,BNB,864.31,874.51,856.14,864.39,80713.662,864.39
2026-01-02 05:30:00,BNB,864.4,891.14,859.64,881.25,129071.742,881.25
2026-01-03 05:30:00,BNB,881.25,884.24,868.65,878.63,79965.205,878.63
2026-01-04 05:30:00,BNB,878.64,902.85,878.47,895.43,118687.107,895.43
2026-01-05 05:30:00,BNB,895.43,916.55,890.59,910.31,140352.785,910.31
2026-01-06 05:30:00,BNB,910.31,923.93,891.66,917.64,166897.189,917.64
2026-01-07 05:30:00,BNB,917.64,920.27,892.64,900.3,148651.79,900.3
2026-01-08 05:30:00,BNB,900.31,905.0,875.1,892.26,134522.755,892.26
2026-01-09 05:30:00,BNB,892.27,901.06,885.28,896.86,81581.367,896.86
2026-01-10 05:30:00,BNB,896.87,915.91,896.81,907.93,124912.493,907.93
2026-01-11 05:30:00,BNB,907.93,917.33,898.75,904.32,98621.081,904.32
2026-01-12 05:30:00,BNB,904.32,910.81,894.0,905.78,108522.173,905.78
2026-01-13 05:30:00,BNB,905.79,952.96,902.25,943.73,311914.997,943.73
2026-01-14 05:30:00,BNB,943.73,954.68,928.5,948.47,183208.698,948.47
2026-01-15 05:30:00,BNB,948.48,948.85,924.05,931.2,131201.468,931.2
2026-01-16 05:30:00,BNB,931.21,939.43,923.69,938.16,77470.383,938.16
2026-01-17 05:30:00,BNB,938.17,959.52,935.5,947.12,86187.331,947.12
2026-01-18 05:30:00,BNB,947.11,953.33,931.7,932.51,76848.25,932.51
2026-01-19 05:30:00,BNB,932.51,932.51,901.0,923.6,209440.56,923.6
2026-01-20 05:30:00,BNB,923.6,933.13,884.0,884.2,163760.229,884.2
2026-01-21 05:30:00,BNB,884.19,893.69,864.54,883.36,201618.221,883.36
2026-01-22 05:30:00,BNB,883.35,897.58,878.18,888.06,98786.472,888.06
2026-01-23 05:30:00,BNB,888.06,904.99,883.1,891.63,96135.61,891.63
2026-01-24 05:30:00,BNB,891.62,894.24,886.53,887.17,51272.563,887.17
2026-01-25 05:30:00,BNB,887.18,887.75,856.0,866.02,120780.226,866.02
2026-01-26 05:30:00,BNB,866.02,881.44,864.91,879.41,102700.704,879.41
2026-01-27 05:30:00,BNB,879.41,901.22,876.2,898.36,138529.639,898.36
2026-01-28 05:30:00,BNB,898.35,909.43,894.41,902.91,110273.24,902.91
2026-01-29 05:30:00,BNB,902.92,906.67,852.81,868.69,270228.686,868.69
2026-01-30 05:30:00,BNB,868.69,869.77,831.83,858.81,295951.354,858.81
2026-01-31 05:30:00,BNB,858.81,860.85,750.0,781.38,407306.151,781.38
2026-02-01 05:30:00,BNB,781.39,789.72,739.63,758.54,259125.52,758.54
2026-02-02 05:30:00,BNB,758.54,781.58,728.44,773.94,306663.484,773.94
2026-02-03 05:30:00,BNB,773.94,783.57,736.08,754.78,243948.823,754.78
2026-02-04 05:30:00,BNB,754.78,765.33,687.3,697.27,424472.167,697.27
2026-02-05 05:30:00,BNB,697.27,703.0,602.17,608.3,799178.67,608.3
2026-02-06 05:30:00,BNB,608.3,669.65,570.06,657.21,593322.593,657.21
2026-02-07 05:30:00,BNB,657.21,663.88,630.83,647.0,217520.601,647.0
2026-02-08 05:30:00,BNB,647.01,653.0,632.3,639.93,124172.092,639.93
2026-02-09 05:30:00,BNB,639.93,646.15,616.01,636.39,148751.241,636.39
2026-02-10 05:30:00,BNB,636.38,642.0,613.8,619.85,153549.27,619.85
2026-02-11 05:30:00,BNB,619.85,624.14,587.14,608.11,236351.539,608.11
2026-02-12 05:30:00,BNB,608.11,620.87,600.6,614.29,121298.457,614.29
2026-02-13 05:30:00,BNB,614.29,622.81,592.49,618.94,211419.814,618.94
2026-02-14 05:30:00,BNB,618.93,637.24,615.7,632.77,113845.924,632.77
2026-02-15 05:30:00,BNB,632.77,642.49,608.82,615.16,132426.591,615.16
2026-02-16 05:30:00,BNB,615.17,631.24,604.49,627.19,105660.883,627.19
2026-02-17 05:30:00,BNB,627.19,631.86,609.3,617.74,91934.084,617.74
2026-02-18 05:30:00,BNB,617.76,626.57,601.3,604.8,97256.01,604.8
2026-02-19 05:30:00,BNB,604.8,614.8,596.0,607.83,109354.363,607.83
2026-02-20 05:30:00,BNB,607.82,629.74,601.23,625.91,159590.806,625.91
2026-02-21 05:30:00,BNB,625.9,634.8,624.0,625.61,81656.565,625.61
2026-02-22 05:30:00,BNB,625.61,626.87,610.02,614.8,68568.879,614.8
2026-02-23 05:30:00,BNB,614.8,616.0,583.13,596.41,245062.961,596.41
2026-02-24 05:30:00,BNB,596.4,602.9,577.06,583.6,168285.85,583.6
2026-02-25 05:30:00,BNB,583.61,640.55,581.51,629.42,221645.31,629.42
2026-02-26 05:30:00,BNB,629.42,633.83,614.2,625.74,126675.344,625.74
2026-02-27 05:30:00,BNB,625.74,633.65,605.25,614.03,128167.72,614.03
2026-02-28 05:30:00,BNB,614.03,621.49,588.64,617.14,172105.1,617.14
2026-03-01 05:30:00,BNB,617.14,632.16,610.89,617.96,169960.927,617.96
2026-03-02 05:30:00,BNB,617.96,652.87,612.96,637.79,202581.15,637.79
2026-03-03 05:30:00,BNB,637.79,643.29,621.0,633.56,150191.056,633.56
2026-03-04 05:30:00,BNB,633.57,666.16,626.2,657.99,199919.683,657.99
2026-03-05 05:30:00,BNB,658.0,665.42,646.14,647.85,128037.624,647.85
2026-03-06 05:30:00,BNB,647.85,651.62,624.77,627.31,115031.736,627.31
2026-03-07 05:30:00,BNB,627.31,630.19,617.8,620.26,63118.814,620.26
2026-03-08 05:30:00,BNB,620.27,624.27,607.86,611.98,81939.554,611.98
2026-03-09 05:30:00,BNB,611.99,643.0,611.01,634.64,121341.376,634.64
2026-03-10 05:30:00,BNB,634.64,652.36,634.38,642.0,100783.446,642.0
2026-03-11 05:30:00,BNB,642.01,656.29,635.02,651.46,120145.814,651.46
2026-03-12 05:30:00,BNB,651.47,652.25,641.63,647.69,28849.142,647.69
2025-03-13 05:30:00,XRP,2.2395,2.347,2.2137,2.2527,243896593.0,2.2527
2025-03-14 05:30:00,XRP,2.2526,2.3893,2.2371,2.3564,197286469.0,2.3564
2025-03-15 05:30:00,XRP,2.3564,2.4751,2.3525,2.3911,150056936.0,2.3911
2025-03-16 05:30:00,XRP,2.3911,2.4109,2.2677,2.2938,151974757.0,2.2938
2025-03-17 05:30:00,XRP,2.2938,2.3788,2.2915,2.3382,133923496.0,2.3382
2025-03-18 05:30:00,XRP,2.3381,2.3399,2.2225,2.2851,164719299.0,2.2851
2025-03-19 05:30:00,XRP,2.2851,2.59,2.2653,2.5469,462181815.0,2.5469
2025-03-20 05:30:00,XRP,2.5469,2.5638,2.389,2.4361,225573092.0,2.4361
2025-03-21 05:30:00,XRP,2.436,2.4669,2.3564,2.3809,143033066.0,2.3809
2025-03-22 05:30:00,XRP,2.3809,2.417,2.3594,2.3711,69083565.0,2.3711
2025-03-23 05:30:00,XRP,2.3712,2.4409,2.365,2.4393,82171646.0,2.4393
2025-03-24 05:30:00,XRP,2.4392,2.5044,2.4134,2.4501,140591390.0,2.4501
2025-03-25 05:30:00,XRP,2.4501,2.4783,2.4071,2.4492,107306341.0,2.4492
2025-03-26 05:30:00,XRP,2.4491,2.4794,2.328,2.3494,140813082.0,2.3494
2025-03-27 05:30:00,XRP,2.3494,2.39,2.3021,2.341,121906802.0,2.341
2025-03-28 05:30:00,XRP,2.3411,2.3433,2.1535,2.2073,211389681.0,2.2073
2025-03-29 05:30:00,XRP,2.2072,2.2267,2.0607,2.1351,188344703.0,2.1351
2025-03-30 05:30:00,XRP,2.1352,2.2142,2.1077,2.1369,143436566.0,2.1369
2025-03-31 05:30:00,XRP,2.1371,2.1415,2.0238,2.0899,225359911.0,2.0899
2025-04-01 05:30:00,XRP,2.0899,2.1999,2.065,2.1387,206149959.0,2.1387
2025-04-02 05:30:00,XRP,2.1387,2.233,1.9841,2.0237,312902782.0,2.0237
2025-04-03 05:30:00,XRP,2.0237,2.082,1.96,2.0648,283049149.0,2.0648
2025-04-04 05:30:00,XRP,2.0648,2.1626,2.016,2.1302,249538859.0,2.1302
2025-04-05 05:30:00,XRP,2.1303,2.1764,2.1139,2.1442,79039409.0,2.1442
2025-04-06 05:30:00,XRP,2.1443,2.1592,1.8625,1.9218,247306320.0,1.9218
2025-04-07 05:30:00,XRP,1.9218,2.0109,1.6134,1.8987,862282234.0,1.8987
2025-04-08 05:30:00,XRP,1.8986,1.975,1.777,1.7963,331058344.0,1.7963
2025-04-09 05:30:00,XRP,1.7965,2.0897,1.7218,2.0529,517714914.0,2.0529
2025-04-10 05:30:00,XRP,2.0529,2.0572,1.9223,1.9658,224691548.0,1.9658
2025-04-11 05:30:00,XRP,1.9657,2.0647,1.9475,2.0225,175131511.0,2.0225
2025-04-12 05:30:00,XRP,2.0225,2.1862,2.0033,2.1598,161856777.0,2.1598
2025-04-13 05:30:00,XRP,2.1597,2.2475,2.0801,2.1196,194098687.0,2.1196
2025-04-14 05:30:00,XRP,2.1196,2.1804,2.1038,2.1275,138573013.0,2.1275
2025-04-15 05:30:00,XRP,2.1276,2.1853,2.0837,2.0842,131282814.0,2.0842
2025-04-16 05:30:00,XRP,2.0843,2.13,2.0355,2.0834,152704680.0,2.0834
2025-04-17 05:30:00,XRP,2.0834,2.1146,2.0524,2.0673,103280383.3,2.0673
2025-04-18 05:30:00,XRP,2.0673,2.0896,2.0434,2.0619,72730873.5,2.0619
2025-04-19 05:30:00,XRP,2.0619,2.0975,2.0586,2.0877,50163133.6,2.0877
2025-04-20 05:30:00,XRP,2.0877,2.0945,2.0388,2.0787,77348551.3,2.0787
2025-04-21 05:30:00,XRP,2.0786,2.1409,2.0594,2.0855,132502689.7,2.0855
2025-04-22 05:30:00,XRP,2.0855,2.2504,2.0638,2.2139,215792646.3,2.2139
2025-04-23 05:30:00,XRP,2.2138,2.301,2.1902,2.2184,220415571.4,2.2184
2025-04-24 05:30:00,XRP,2.2183,2.2354,2.1166,2.2049,184941421.4,2.2049
2025-04-25 05:30:00,XRP,2.2049,2.2193,2.1634,2.1812,134014526.9,2.1812
2025-04-26 05:30:00,XRP,2.1812,2.2483,2.1796,2.1912,89667472.4,2.1912
2025-04-27 05:30:00,XRP,2.1912,2.2948,2.1581,2.252,176901254.6,2.252
2025-04-28 05:30:00,XRP,2.2521,2.363,2.2184,2.2949,188782972.6,2.2949
2025-04-29 05:30:00,XRP,2.295,2.3147,2.2217,2.238,109021832.7,2.238
2025-04-30 05:30:00,XRP,2.2379,2.2588,2.1235,2.1908,169161178.8,2.1908
2025-05-01 05:30:00,XRP,2.1907,2.2567,2.1868,2.2123,96594610.5,2.2123
2025-05-02 05:30:00,XRP,2.2122,2.2411,2.192,2.2093,84810475.2,2.2093
2025-05-03 05:30:00,XRP,2.2093,2.22,2.176,2.1872,48541368.0,2.1872
2025-05-04 05:30:00,XRP,2.1872,2.2188,2.151,2.156,58758870.6,2.156
2025-05-05 05:30:00,XRP,2.1561,2.2,2.1067,2.1306,129350396.3,2.1306
2025-05-06 05:30:00,XRP,2.1306,2.1595,2.0777,2.155,110021214.0,2.155
2025-05-07 05:30:00,XRP,2.155,2.1716,2.1039,2.1265,91759518.6,2.1265
2025-05-08 05:30:00,XRP,2.1264,2.3297,2.1176,2.3272,220454318.8,2.3272
2025-05-09 05:30:00,XRP,2.3272,2.4291,2.2845,2.3439,270485423.5,2.3439
2025-05-10 05:30:00,XRP,2.3438,2.477,2.3359,2.4711,173584546.1,2.4711
2025-05-11 05:30:00,XRP,2.4711,2.4844,2.3283,2.367,162582479.5,2.367
2025-05-12 05:30:00,XRP,2.3671,2.6549,2.3515,2.5439,507950822.4,2.5439
2025-05-13 05:30:00,XRP,2.544,2.6053,2.4215,2.5829,230851038.9,2.5829
2025-05-14 05:30:00,XRP,2.5828,2.6516,2.5194,2.5503,213599727.4,2.5503
2025-05-15 05:30:00,XRP,2.5504,2.5719,2.3525,2.3856,209320078.3,2.3856
2025-05-16 05:30:00,XRP,2.3856,2.4399,2.3471,2.3798,136943221.2,2.3798
2025-05-17 05:30:00,XRP,2.3797,2.3892,2.2984,2.3531,105734565.8,2.3531
2025-05-18 05:30:00,XRP,2.3531,2.4497,2.332,2.428,110034544.5,2.428
2025-05-19 05:30:00,XRP,2.428,2.441,2.2827,2.3803,162880946.4,2.3803
2025-05-20 05:30:00,XRP,2.3803,2.409,2.3141,2.3565,136293676.8,2.3565
2025-05-21 05:30:00,XRP,2.3565,2.4288,2.3308,2.3952,175070666.7,2.3952
2025-05-22 05:30:00,XRP,2.3953,2.4555,2.3881,2.4311,145040194.5,2.4311
2025-05-23 05:30:00,XRP,2.4311,2.4799,2.2838,2.2966,197335455.4,2.2966
2025-05-24 05:30:00,XRP,2.2965,2.36,2.2859,2.3303,50781088.2,2.3303
2025-05-25 05:30:00,XRP,2.3304,2.345,2.266,2.3417,81478273.4,2.3417
2025-05-26 05:30:00,XRP,2.3416,2.3593,2.2958,2.3103,75168770.0,2.3103
2025-05-27 05:30:00,XRP,2.3103,2.3543,2.2671,2.3168,94046517.5,2.3168
2025-05-28 05:30:00,XRP,2.3167,2.3232,2.2265,2.2742,99791200.4,2.2742
2025-05-29 05:30:00,XRP,2.2742,2.3125,2.238,2.2442,99100514.7,2.2442
2025-05-30 05:30:00,XRP,2.2441,2.2523,2.1297,2.1398,192557829.6,2.1398
2025-05-31 05:30:00,XRP,2.1397,2.2065,2.0794,2.1738,109349888.0,2.1738
2025-06-01 05:30:00,XRP,2.1739,2.1879,2.1231,2.1792,62964847.7,2.1792
2025-06-02 05:30:00,XRP,2.1792,2.2045,2.1357,2.1965,96478578.8,2.1965
2025-06-03 05:30:00,XRP,2.1965,2.2821,2.1838,2.2446,110034231.1,2.2446
2025-06-04 05:30:00,XRP,2.2445,2.2658,2.1951,2.2009,82924089.7,2.2009
2025-06-05 05:30:00,XRP,2.2009,2.2265,2.0591,2.0936,152227799.7,2.0936
2025-06-06 05:30:00,XRP,2.0936,2.1903,2.0812,2.1598,92539769.1,2.1598
2025-06-07 05:30:00,XRP,2.1598,2.1912,2.1475,2.1769,40526697.0,2.1769
2025-06-08 05:30:00,XRP,2.1768,2.2988,2.1661,2.267,115809963.6,2.267
2025-06-09 05:30:00,XRP,2.2669,2.3293,2.2223,2.3211,128620231.2,2.3211
2025-06-10 05:30:00,XRP,2.321,2.3276,2.2601,2.3074,119887307.8,2.3074
2025-06-11 05:30:00,XRP,2.3074,2.3379,2.2524,2.2704,118779485.5,2.2704
2025-06-12 05:30:00,XRP,2.2704,2.2733,2.1706,2.1899,98220197.3,2.1899
2025-06-13 05:30:00,XRP,2.19,2.1918,2.0828,2.1472,171924272.9,2.1472
2025-06-14 05:30:00,XRP,2.1473,2.1801,2.1093,2.1394,67644610.7,2.1394
2025-06-15 05:30:00,XRP,2.1393,2.1759,2.1375,2.1655,46595619.5,2.1655
2025-06-16 05:30:00,XRP,2.1655,2.337,2.1512,2.238,180775839.0,2.238
2025-06-17 05:30:00,XRP,2.2379,2.2572,2.1417,2.159,145998030.0,2.159
2025-06-18 05:30:00,XRP,2.1591,2.1808,2.1181,2.1705,95962168.0,2.1705
2025-06-19 05:30:00,XRP,2.1704,2.1855,2.1441,2.1648,56149358.1,2.1648
2025-06-20 05:30:00,XRP,2.1647,2.1797,2.0852,2.1194,97632569.9,2.1194
2025-06-21 05:30:00,XRP,2.1195,2.145,2.0,2.0632,88671293.2,2.0632
2025-06-22 05:30:00,XRP,2.0632,2.0898,1.9083,2.0172,206511372.5,2.0172
2025-06-23 05:30:00,XRP,2.0173,2.1706,1.9615,2.1584,175076963.6,2.1584
2025-06-24 05:30:00,XRP,2.1584,2.2165,2.1316,2.1898,131247333.7,2.1898
2025-06-25 05:30:00,XRP,2.1897,2.2296,2.1696,2.1859,91578502.0,2.1859
2025-06-26 05:30:00,XRP,2.1858,2.2127,2.0956,2.1054,120378866.1,2.1054
2025-06-27 05:30:00,XRP,2.1053,2.1556,2.0671,2.1419,120577000.3,2.1419
2025-06-28 05:30:00,XRP,2.142,2.2079,2.1336,2.1854,70042779.0,2.1854
2025-06-29 05:30:00,XRP,2.1855,2.2198,2.1754,2.2061,46097897.5,2.2061
2025-06-30 05:30:00,XRP,2.2062,2.3271,2.165,2.2362,151525906.2,2.2362
2025-07-01 05:30:00,XRP,2.2362,2.2537,2.1475,2.172,123558690.1,2.172
2025-07-02 05:30:00,XRP,2.1719,2.2917,2.157,2.2336,149340795.4,2.2336
2025-07-03 05:30:00,XRP,2.2335,2.3135,2.2243,2.2569,148388595.0,2.2569
2025-07-04 05:30:00,XRP,2.2569,2.2678,2.196,2.2205,72289199.1,2.2205
2025-07-05 05:30:00,XRP,2.2205,2.2339,2.2014,2.2178,34058390.3,2.2178
2025-07-06 05:30:00,XRP,2.2177,2.29,2.2086,2.2709,92108127.5,2.2709
2025-07-07 05:30:00,XRP,2.2709,2.3537,2.2552,2.2708,176317450.7,2.2708
2025-07-08 05:30:00,XRP,2.2707,2.3223,2.2485,2.3108,106456008.6,2.3108
2025-07-09 05:30:00,XRP,2.3109,2.4288,2.2975,2.4038,181518399.8,2.4038
2025-07-10 05:30:00,XRP,2.4038,2.5678,2.3931,2.5471,209526484.8,2.5471
2025-07-11 05:30:00,XRP,2.5471,2.975,2.5119,2.7322,615361834.0,2.7322
2025-07-12 05:30:00,XRP,2.7323,2.8479,2.6629,2.7395,341517152.0,2.7395
2025-07-13 05:30:00,XRP,2.7395,2.8949,2.7232,2.8361,260642506.5,2.8361
2025-07-14 05:30:00,XRP,2.8361,3.035,2.8207,2.9582,442537809.2,2.9582
2025-07-15 05:30:00,XRP,2.9582,2.9582,2.8038,2.919,303965280.7,2.919
2025-07-16 05:30:00,XRP,2.9189,3.1,2.8774,3.038,272284618.2,3.038
2025-07-17 05:30:00,XRP,3.038,3.5495,2.9873,3.4814,648338845.19,3.4814
2025-07-18 05:30:00,XRP,3.4813,3.6607,3.3439,3.4135,608722890.71,3.4135
2025-07-19 05:30:00,XRP,3.4136,3.4855,3.3547,3.4244,204901034.5,3.4244
2025-07-20 05:30:00,XRP,3.4243,3.5579,3.3856,3.454,281874484.3,3.454
2025-07-21 05:30:00,XRP,3.4541,3.6495,3.4076,3.5495,259730581.6,3.5495
2025-07-22 05:30:00,XRP,3.5494,3.5787,3.4218,3.5504,248664612.7,3.5504
2025-07-23 05:30:00,XRP,3.5504,3.5519,3.02,3.1838,444396661.3,3.1838
2025-07-24 05:30:00,XRP,3.1839,3.2651,2.9555,3.1453,366456463.4,3.1453
2025-07-25 05:30:00,XRP,3.1454,3.1618,2.9981,3.1423,234280821.9,3.1423
2025-07-26 05:30:00,XRP,3.1422,3.2181,3.1088,3.1662,96831223.5,3.1662
2025-07-27 05:30:00,XRP,3.1662,3.2515,3.1564,3.2389,130449208.1,3.2389
2025-07-28 05:30:00,XRP,3.239,3.3308,3.1073,3.1235,221823612.3,3.1235
2025-07-29 05:30:00,XRP,3.1235,3.1856,3.0533,3.128,157430969.9,3.128
2025-07-30 05:30:00,XRP,3.1281,3.1621,3.001,3.0966,173643335.4,3.0966
2025-07-31 05:30:00,XRP,3.0967,3.1784,3.0108,3.0224,135512300.3,3.0224
2025-08-01 05:30:00,XRP,3.0223,3.059,2.892,2.9613,260984696.4,2.9613
2025-08-02 05:30:00,XRP,2.9614,3.0206,2.7387,2.7695,180733656.7,2.7695
2025-08-03 05:30:00,XRP,2.7695,2.9625,2.728,2.948,149417377.8,2.948
2025-08-04 05:30:00,XRP,2.9481,3.0899,2.9312,3.0716,164651624.4,3.0716
2025-08-05 05:30:00,XRP,3.0715,3.1072,2.9164,2.9623,144253297.7,2.9623
2025-08-06 05:30:00,XRP,2.9622,3.0187,2.9014,2.9908,114399575.6,2.9908
2025-08-07 05:30:00,XRP,2.9908,3.3338,2.9641,3.3197,212195633.1,3.3197
2025-08-08 05:30:00,XRP,3.3196,3.3825,3.2051,3.2859,273926156.0,3.2859
2025-08-09 05:30:00,XRP,3.2858,3.3475,3.2083,3.2259,130645790.7,3.2259
2025-08-10 05:30:00,XRP,3.2259,3.2795,3.1521,3.187,123144721.1,3.187
2025-08-11 05:30:00,XRP,3.1869,3.3342,3.1176,3.1295,223589776.8,3.1295
2025-08-12 05:30:00,XRP,3.1295,3.3067,3.1041,3.2676,154532178.9,3.2676
2025-08-13 05:30:00,XRP,3.2675,3.335,3.2026,3.2744,193301023.7,3.2744
2025-08-14 05:30:00,XRP,3.2744,3.3512,2.9915,3.0792,301672247.6,3.0792
2025-08-15 05:30:00,XRP,3.0792,3.1427,3.0024,3.0779,134927479.5,3.0779
2025-08-16 05:30:00,XRP,3.0778,3.156,3.0715,3.1055,64524770.2,3.1055
2025-08-17 05:30:00,XRP,3.1056,3.1472,3.0773,3.0877,66692097.5,3.0877
2025-08-18 05:30:00,XRP,3.0877,3.0969,2.9404,3.0616,163460914.2,3.0616
2025-08-19 05:30:00,XRP,3.0616,3.0808,2.8488,2.8608,149185188.7,2.8608
2025-08-20 05:30:00,XRP,2.8608,2.9896,2.8184,2.9512,152651462.5,2.9512
2025-08-21 05:30:00,XRP,2.9512,2.9588,2.8424,2.8519,91372655.6,2.8519
2025-08-22 05:30:00,XRP,2.8518,3.1056,2.7826,3.0744,255042164.6,3.0744
2025-08-23 05:30:00,XRP,3.0745,3.0756,2.9697,3.0485,103250847.4,3.0485
2025-08-24 05:30:00,XRP,3.0486,3.128,2.987,3.0258,157353334.0,3.0258
2025-08-25 05:30:00,XRP,3.0259,3.0535,2.8223,2.8584,176144258.4,2.8584
2025-08-26 05:30:00,XRP,2.8584,3.0817,2.8459,3.0123,160522587.8,3.0123
2025-08-27 05:30:00,XRP,3.0123,3.0454,2.9621,2.9688,124270806.9,2.9688
2025-08-28 05:30:00,XRP,2.9688,3.0263,2.9432,2.9665,110595938.3,2.9665
2025-08-29 05:30:00,XRP,2.9665,2.9768,2.7734,2.8195,169431466.9,2.8195
2025-08-30 05:30:00,XRP,2.8195,2.8349,2.7604,2.8181,68213469.6,2.8181
2025-08-31 05:30:00,XRP,2.818,2.8693,2.7707,2.7757,56440031.3,2.7757
2025-09-01 05:30:00,XRP,2.7757,2.839,2.6975,2.7589,179805399.6,2.7589
2025-09-02 05:30:00,XRP,2.7589,2.8641,2.7484,2.862,134689040.5,2.862
2025-09-03 05:30:00,XRP,2.862,2.8867,2.811,2.8443,96774293.1,2.8443
2025-09-04 05:30:00,XRP,2.8442,2.8629,2.7842,2.7946,94539630.5,2.7946
2025-09-05 05:30:00,XRP,2.7947,2.8849,2.778,2.8147,120949495.7,2.8147
2025-09-06 05:30:00,XRP,2.8146,2.8289,2.7927,2.8098,31389546.6,2.8098
2025-09-07 05:30:00,XRP,2.8098,2.9285,2.8092,2.877,82776839.1,2.877
2025-09-08 05:30:00,XRP,2.877,2.9964,2.8627,2.9697,121406178.2,2.9697
2025-09-09 05:30:00,XRP,2.9698,3.0365,2.9337,2.9474,116913430.2,2.9474
2025-09-10 05:30:00,XRP,2.9474,3.024,2.9357,2.9834,85328678.0,2.9834
2025-09-11 05:30:00,XRP,2.9834,3.049,2.9507,3.0398,115124443.9,3.0398
2025-09-12 05:30:00,XRP,3.0398,3.1376,3.018,3.1054,130413008.1,3.1054
2025-09-13 05:30:00,XRP,3.1054,3.1858,3.089,3.1193,112791516.9,3.1193
2025-09-14 05:30:00,XRP,3.1193,3.1267,3.0099,3.0279,86444642.8,3.0279
2025-09-15 05:30:00,XRP,3.028,3.0669,2.9532,2.9969,121536076.0,2.9969
2025-09-16 05:30:00,XRP,2.9969,3.0586,2.9642,3.0376,76953763.0,3.0376
2025-09-17 05:30:00,XRP,3.0376,3.1079,2.9814,3.0841,132508658.4,3.0841
2025-09-18 05:30:00,XRP,3.0841,3.1397,3.0558,3.0735,121098940.7,3.0735
2025-09-19 05:30:00,XRP,3.0735,3.0941,2.9784,2.9901,92714638.6,2.9901
2025-09-20 05:30:00,XRP,2.99,3.0091,2.9652,2.975,62723730.0,2.975
2025-09-21 05:30:00,XRP,2.975,3.0135,2.9523,2.9701,45668741.1,2.9701
2025-09-22 05:30:00,XRP,2.9701,2.9755,2.6975,2.8526,228747192.9,2.8526
2025-09-23 05:30:00,XRP,2.8525,2.8964,2.7991,2.8247,100392302.3,2.8247
2025-09-24 05:30:00,XRP,2.8247,2.9955,2.7883,2.9257,125417232.6,2.9257
2025-09-25 05:30:00,XRP,2.9257,2.9446,2.7244,2.7435,196421176.9,2.7435
2025-09-26 05:30:00,XRP,2.7435,2.809,2.6984,2.7835,162801304.7,2.7835
2025-09-27 05:30:00,XRP,2.7836,2.8287,2.7619,2.8047,44703806.2,2.8047
2025-09-28 05:30:00,XRP,2.8047,2.8675,2.7661,2.8674,65853510.0,2.8674
2025-09-29 05:30:00,XRP,2.8675,2.9289,2.8454,2.8801,116473375.3,2.8801
2025-09-30 05:30:00,XRP,2.8801,2.9077,2.8132,2.8468,100392419.7,2.8468
2025-10-01 05:30:00,XRP,2.8468,2.9616,2.8141,2.9485,136262408.8,2.9485
2025-10-02 05:30:00,XRP,2.9485,3.0998,2.9403,3.0389,147074551.6,3.0389
2025-10-03 05:30:00,XRP,3.0388,3.0948,3.0041,3.0401,125739506.7,3.0401
2025-10-04 05:30:00,XRP,3.0402,3.0522,2.939,2.9685,69429980.8,2.9685
2025-10-05 05:30:00,XRP,2.9685,3.0716,2.9468,2.9697,105898711.4,2.9697
2025-10-06 05:30:00,XRP,2.9697,3.0506,2.9551,2.9883,117186503.0,2.9883
2025-10-07 05:30:00,XRP,2.9883,3.0012,2.8489,2.852,151704976.6,2.852
2025-10-08 05:30:00,XRP,2.8521,2.9248,2.8303,2.8797,86103907.0,2.8797
2025-10-09 05:30:00,XRP,2.8797,2.8801,2.7714,2.8021,110236912.9,2.8021
2025-10-10 05:30:00,XRP,2.8021,2.8372,1.2543,2.3704,592833224.7,2.3704
2025-10-11 05:30:00,XRP,2.3704,2.5061,2.3,2.3819,377516588.0,2.3819
2025-10-12 05:30:00,XRP,2.3819,2.5841,2.3121,2.5282,248265523.1,2.5282
2025-10-13 05:30:00,XRP,2.5283,2.646,2.5125,2.6052,215844073.7,2.6052
2025-10-14 05:30:00,XRP,2.6052,2.6208,2.3888,2.5033,236417459.6,2.5033
2025-10-15 05:30:00,XRP,2.5033,2.5475,2.3754,2.4109,147593411.2,2.4109
2025-10-16 05:30:00,XRP,2.411,2.4665,2.2833,2.328,196447886.3,2.328
2025-10-17 05:30:00,XRP,2.328,2.4,2.1901,2.2936,233638133.0,2.2936
2025-10-18 05:30:00,XRP,2.2936,2.3915,2.2894,2.3596,70031265.2,2.3596
2025-10-19 05:30:00,XRP,2.3596,2.4195,2.3177,2.3908,86051004.0,2.3908
2025-10-20 05:30:00,XRP,2.3907,2.5529,2.3547,2.4948,132020692.3,2.4948
2025-10-21 05:30:00,XRP,2.4948,2.5323,2.4011,2.4222,142161412.2,2.4222
2025-10-22 05:30:00,XRP,2.4221,2.4375,2.3255,2.3647,131694103.3,2.3647
2025-10-23 05:30:00,XRP,2.3647,2.4259,2.3617,2.3947,84337201.1,2.3947
2025-10-24 05:30:00,XRP,2.3948,2.516,2.3863,2.5103,112051925.0,2.5103
2025-10-25 05:30:00,XRP,2.5103,2.6542,2.5021,2.5959,95829560.4,2.5959
2025-10-26 05:30:00,XRP,2.5958,2.6624,2.592,2.6461,83681116.7,2.6461
2025-10-27 05:30:00,XRP,2.646,2.6975,2.6013,2.634,113960332.0,2.634
2025-10-28 05:30:00,XRP,2.634,2.6887,2.5675,2.6034,123712287.2,2.6034
2025-10-29 05:30:00,XRP,2.6034,2.664,2.537,2.5502,127783090.4,2.5502
2025-10-30 05:30:00,XRP,2.5502,2.5944,2.3769,2.4393,151633152.9,2.4393
2025-10-31 05:30:00,XRP,2.4393,2.5546,2.4311,2.5097,115609330.7,2.5097
2025-11-01 05:30:00,XRP,2.5096,2.5233,2.476,2.5053,41551912.8,2.5053
2025-11-02 05:30:00,XRP,2.5053,2.5549,2.478,2.5267,51555957.6,2.5267
2025-11-03 05:30:00,XRP,2.5267,2.5322,2.2631,2.3096,174525470.1,2.3096
2025-11-04 05:30:00,XRP,2.3095,2.3655,2.0665,2.2053,346558907.5,2.2053
2025-11-05 05:30:00,XRP,2.2053,2.3766,2.1015,2.3432,207833006.9,2.3432
2025-11-06 05:30:00,XRP,2.3432,2.416,2.1796,2.213,172724312.7,2.213
2025-11-07 05:30:00,XRP,2.213,2.3729,2.1536,2.3154,178003937.3,2.3154
2025-11-08 05:30:00,XRP,2.3155,2.3381,2.2424,2.2863,83656256.1,2.2863
2025-11-09 05:30:00,XRP,2.2864,2.395,2.2392,2.3662,86012398.0,2.3662
2025-11-10 05:30:00,XRP,2.3662,2.5808,2.3462,2.526,197478395.3,2.526
2025-11-11 05:30:00,XRP,2.526,2.57,2.3787,2.3915,126538891.7,2.3915
2025-11-12 05:30:00,XRP,2.3915,2.4491,2.3166,2.3879,141159795.6,2.3879
2025-11-13 05:30:00,XRP,2.3878,2.5264,2.2757,2.3225,268264404.5,2.3225
2025-11-14 05:30:00,XRP,2.3225,2.3416,2.2256,2.2443,220377818.6,2.2443
2025-11-15 05:30:00,XRP,2.2443,2.3034,2.2111,2.2372,84473254.2,2.2372
2025-11-16 05:30:00,XRP,2.2372,2.28,2.1558,2.2149,126254506.2,2.2149
2025-11-17 05:30:00,XRP,2.2148,2.3077,2.1146,2.1637,213925840.3,2.1637
2025-11-18 05:30:00,XRP,2.1637,2.2413,2.1064,2.2172,188026720.7,2.2172
2025-11-19 05:30:00,XRP,2.2171,2.2196,2.0244,2.1098,237660615.7,2.1098
2025-11-20 05:30:00,XRP,2.1097,2.1498,1.9743,1.9999,295232267.9,1.9999
2025-11-21 05:30:00,XRP,1.9998,2.0308,1.8209,1.9509,349052191.6,1.9509
2025-11-22 05:30:00,XRP,1.9509,1.9671,1.889,1.9509,92507655.6,1.9509
2025-11-23 05:30:00,XRP,1.9508,2.0846,1.9497,2.0491,136024600.0,2.0491
2025-11-24 05:30:00,XRP,2.0491,2.2868,2.0238,2.2276,209507520.1,2.2276
2025-11-25 05:30:00,XRP,2.2276,2.2652,2.1482,2.2024,154916931.3,2.2024
2025-11-26 05:30:00,XRP,2.2023,2.2547,2.1447,2.2233,110237202.3,2.2233
2025-11-27 05:30:00,XRP,2.2232,2.2347,2.1727,2.1999,82691220.6,2.1999
2025-11-28 05:30:00,XRP,2.2,2.2752,2.1565,2.1795,140892868.9,2.1795
2025-11-29 05:30:00,XRP,2.1795,2.2231,2.1666,2.2009,57026784.1,2.2009
2025-11-30 05:30:00,XRP,2.201,2.215,2.1524,2.155,52482888.9,2.155
2025-12-01 05:30:00,XRP,2.1549,2.1609,1.9835,2.0297,173919553.1,2.0297
2025-12-02 05:30:00,XRP,2.0297,2.1831,1.995,2.1532,132464308.9,2.1532
2025-12-03 05:30:00,XRP,2.1531,2.219,2.1414,2.1976,111507874.4,2.1976
2025-12-04 05:30:00,XRP,2.1976,2.2146,2.0691,2.096,101092517.6,2.096
2025-12-05 05:30:00,XRP,2.096,2.113,2.0125,2.0344,95338082.9,2.0344
2025-12-06 05:30:00,XRP,2.0344,2.0504,2.0154,2.0309,43569024.8,2.0309
2025-12-07 05:30:00,XRP,2.031,2.1109,1.9894,2.0442,83786859.8,2.0442
2025-12-08 05:30:00,XRP,2.0442,2.1239,2.0319,2.0724,88049790.9,2.0724
2025-12-09 05:30:00,XRP,2.0723,2.178,2.0419,2.1062,113859655.0,2.1062
2025-12-10 05:30:00,XRP,2.1061,2.1108,2.0346,2.0418,125132700.4,2.0418
2025-12-11 05:30:00,XRP,2.0418,2.057,1.9767,2.034,125057005.0,2.034
2025-12-12 05:30:00,XRP,2.034,2.0478,1.9692,2.0074,77987124.7,2.0074
2025-12-13 05:30:00,XRP,2.0075,2.0482,2.0068,2.0227,44193267.1,2.0227
2025-12-14 05:30:00,XRP,2.0226,2.0306,1.9527,1.9784,45148587.9,1.9784
2025-12-15 05:30:00,XRP,1.9784,2.0143,1.8695,1.8981,115746358.6,1.8981
2025-12-16 05:30:00,XRP,1.8981,1.9491,1.852,1.9297,101283394.8,1.9297
2025-12-17 05:30:00,XRP,1.9297,1.9874,1.8474,1.8627,111714892.8,1.8627
2025-12-18 05:30:00,XRP,1.8627,1.9341,1.8,1.8076,126981039.0,1.8076
2025-12-19 05:30:00,XRP,1.8076,1.9213,1.7711,1.9092,144601510.3,1.9092
2025-12-20 05:30:00,XRP,1.9092,1.9588,1.8936,1.9335,53235023.5,1.9335
2025-12-21 05:30:00,XRP,1.9335,1.9498,1.8948,1.9223,53029272.9,1.9223
2025-12-22 05:30:00,XRP,1.9224,1.9493,1.8917,1.9043,88731614.2,1.9043
2025-12-23 05:30:00,XRP,1.9044,1.91,1.863,1.8734,77815693.8,1.8734
2025-12-24 05:30:00,XRP,1.8734,1.8783,1.8372,1.8628,59895979.8,1.8628
2025-12-25 05:30:00,XRP,1.8627,1.8892,1.8291,1.8326,46144808.4,1.8326
2025-12-26 05:30:00,XRP,1.8325,1.8833,1.8246,1.8437,76825530.8,1.8437
2025-12-27 05:30:00,XRP,1.8437,1.8788,1.8417,1.8735,31244471.3,1.8735
2025-12-28 05:30:00,XRP,1.8734,1.8796,1.8539,1.8654,26597238.3,1.8654
2025-12-29 05:30:00,XRP,1.8655,1.918,1.845,1.8508,70265708.5,1.8508
2025-12-30 05:30:00,XRP,1.8508,1.8864,1.8439,1.8776,48337735.6,1.8776
2025-12-31 05:30:00,XRP,1.8776,1.8839,1.8123,1.8423,58334893.8,1.8423
2026-01-01 05:30:00,XRP,1.8424,1.8811,1.8261,1.8799,41082589.1,1.8799
2026-01-02 05:30:00,XRP,1.8799,2.0315,1.8689,2.0069,127347907.2,2.0069
2026-01-03 05:30:00,XRP,2.0068,2.0561,1.9844,2.0182,74386522.1,2.0182
2026-01-04 05:30:00,XRP,2.0182,2.1204,2.0163,2.0909,113757086.3,2.0909
2026-01-05 05:30:00,XRP,2.0908,2.3695,2.0877,2.3478,210318025.3,2.3478
2026-01-06 05:30:00,XRP,2.3479,2.4172,2.2046,2.3042,270372108.1,2.3042
2026-01-07 05:30:00,XRP,2.3042,2.3205,2.1517,2.1657,115603277.7,2.1657
2026-01-08 05:30:00,XRP,2.1658,2.1925,2.0649,2.1232,156536080.5,2.1232
2026-01-09 05:30:00,XRP,2.1232,2.1622,2.0727,2.0958,117777092.0,2.0958
2026-01-10 05:30:00,XRP,2.0958,2.1106,2.0806,2.0907,31589981.3,2.0907
2026-01-11 05:30:00,XRP,2.0907,2.11,2.045,2.0745,50545578.2,2.0745
2026-01-12 05:30:00,XRP,2.0745,2.1086,2.035,2.054,110140038.3,2.054
2026-01-13 05:30:00,XRP,2.0541,2.185,2.0474,2.1655,113374006.3,2.1655
2026-01-14 05:30:00,XRP,2.1656,2.1924,2.1116,2.1394,135001603.5,2.1394
2026-01-15 05:30:00,XRP,2.1393,2.1434,2.0532,2.0789,89639683.7,2.0789
2026-01-16 05:30:00,XRP,2.0789,2.0866,2.0263,2.0678,60894619.5,2.0678
2026-01-17 05:30:00,XRP,2.0678,2.0834,2.0536,2.0631,31138454.9,2.0631
2026-01-18 05:30:00,XRP,2.0632,2.0679,1.9861,1.9914,46506697.7,1.9914
2026-01-19 05:30:00,XRP,1.9914,2.0299,1.847,1.986,159349900.7,1.986
2026-01-20 05:30:00,XRP,1.9861,1.9909,1.87,1.89,127376122.0,1.89
2026-01-21 05:30:00,XRP,1.89,1.9907,1.8712,1.9476,147842135.5,1.9476
2026-01-22 05:30:00,XRP,1.9475,1.9679,1.9016,1.9236,61627444.9,1.9236
2026-01-23 05:30:00,XRP,1.9237,1.9656,1.8873,1.9196,76076706.9,1.9196
2026-01-24 05:30:00,XRP,1.9197,1.9276,1.91,1.9143,27159999.9,1.9143
2026-01-25 05:30:00,XRP,1.9143,1.9168,1.8111,1.8356,91533110.3,1.8356
2026-01-26 05:30:00,XRP,1.8356,1.946,1.8331,1.9041,104481153.6,1.9041
2026-01-27 05:30:00,XRP,1.9042,1.9295,1.8741,1.9158,64619827.1,1.9158
2026-01-28 05:30:00,XRP,1.9157,1.9427,1.8944,1.9111,67425858.5,1.9111
2026-01-29 05:30:00,XRP,1.9112,1.9134,1.778,1.8076,149409911.0,1.8076
2026-01-30 05:30:00,XRP,1.8077,1.8131,1.7107,1.7352,229720306.7,1.7352
2026-01-31 05:30:00,XRP,1.7353,1.7547,1.5028,1.6472,332369467.9,1.6472
2026-02-01 05:30:00,XRP,1.6472,1.6805,1.5526,1.5908,182387658.0,1.5908
2026-02-02 05:30:00,XRP,1.5908,1.6571,1.5307,1.6198,218107304.7,1.6198
2026-02-03 05:30:00,XRP,1.6199,1.6339,1.5274,1.5791,190553042.4,1.5791
2026-02-04 05:30:00,XRP,1.579,1.6122,1.4948,1.512,194386702.9,1.512
2026-02-05 05:30:00,XRP,1.512,1.5154,1.1371,1.2146,744109671.0,1.2146
2026-02-06 05:30:00,XRP,1.2145,1.5442,1.1172,1.4698,708122800.8,1.4698
2026-02-07 05:30:00,XRP,1.4697,1.4879,1.3858,1.4231,274310340.3,1.4231
2026-02-08 05:30:00,XRP,1.4231,1.4703,1.4099,1.4308,126012618.4,1.4308
2026-02-09 05:30:00,XRP,1.4308,1.4642,1.3728,1.437,168546281.8,1.437
2026-02-10 05:30:00,XRP,1.437,1.4532,1.3916,1.3999,113399373.7,1.3999
2026-02-11 05:30:00,XRP,1.3998,1.4205,1.3421,1.3697,172696263.7,1.3697
2026-02-12 05:30:00,XRP,1.3697,1.4082,1.3461,1.3635,116856264.1,1.3635
2026-02-13 05:30:00,XRP,1.3635,1.4285,1.3485,1.4071,125027739.4,1.4071
2026-02-14 05:30:00,XRP,1.407,1.5138,1.4051,1.5094,113140538.4,1.5094
2026-02-15 05:30:00,XRP,1.5094,1.6714,1.445,1.4753,299306472.4,1.4753
2026-02-16 05:30:00,XRP,1.4753,1.5171,1.4485,1.4876,145403123.0,1.4876
2026-02-17 05:30:00,XRP,1.4876,1.495,1.4268,1.4743,98838390.0,1.4743
2026-02-18 05:30:00,XRP,1.4742,1.4943,1.4102,1.4219,85831853.9,1.4219
2026-02-19 05:30:00,XRP,1.422,1.4381,1.382,1.4068,108259677.1,1.4068
2026-02-20 05:30:00,XRP,1.4068,1.4389,1.3775,1.4292,123709704.4,1.4292
2026-02-21 05:30:00,XRP,1.4292,1.4642,1.4198,1.4304,53997920.3,1.4304
2026-02-22 05:30:00,XRP,1.4303,1.4338,1.38,1.3932,61166336.0,1.3932
2026-02-23 05:30:00,XRP,1.3932,1.4248,1.3301,1.3518,188895700.4,1.3518
2026-02-24 05:30:00,XRP,1.3519,1.3676,1.3124,1.3482,139239571.8,1.3482
2026-02-25 05:30:00,XRP,1.3483,1.4935,1.3404,1.4339,245088505.2,1.4339
2026-02-26 05:30:00,XRP,1.4338,1.4691,1.3827,1.4027,160829141.8,1.4027
2026-02-27 05:30:00,XRP,1.4027,1.4262,1.3386,1.3562,165108168.6,1.3562
2026-02-28 05:30:00,XRP,1.3562,1.3931,1.27,1.3762,229989679.7,1.3762
2026-03-01 05:30:00,XRP,1.3761,1.4333,1.3369,1.3524,177941326.9,1.3524
2026-03-02 05:30:00,XRP,1.3525,1.423,1.3341,1.39,166802077.8,1.39
2026-03-03 05:30:00,XRP,1.3901,1.3953,1.3366,1.3607,135602897.4,1.3607
2026-03-04 05:30:00,XRP,1.3607,1.4732,1.3452,1.4309,238025779.2,1.4309
2026-03-05 05:30:00,XRP,1.4309,1.4525,1.396,1.4037,118168992.2,1.4037
2026-03-06 05:30:00,XRP,1.4038,1.4148,1.346,1.3633,113847978.9,1.3633
2026-03-07 05:30:00,XRP,1.3632,1.3749,1.3468,1.3567,47776637.3,1.3567
2026-03-08 05:30:00,XRP,1.3568,1.3712,1.3218,1.34,79825643.7,1.34
2026-03-09 05:30:00,XRP,1.3401,1.3841,1.333,1.3631,130100801.2,1.3631
2026-03-10 05:30:00,XRP,1.3631,1.4427,1.3605,1.3863,176313906.6,1.3863
2026-03-11 05:30:00,XRP,1.3864,1.4112,1.3706,1.3847,111034871.0,1.3847
2026-03-12 05:30:00,XRP,1.3847,1.386,1.366,1.38,30050347.9,1.38
2025-03-13 05:30:00,Solana,126.61,128.76,120.76,123.37,2824584.961,123.37
2025-03-14 05:30:00,Solana,123.36,136.03,122.98,133.54,3607725.492,133.54
2025-03-15 05:30:00,Solana,133.53,136.53,132.44,135.86,1918077.49,135.86
2025-03-16 05:30:00,Solana,135.86,136.71,125.21,126.13,2764260.892,126.13
2025-03-17 05:30:00,Solana,126.13,130.64,125.55,128.01,2707611.094,128.01
2025-03-18 05:30:00,Solana,128.01,128.19,121.76,125.33,3181789.699,125.33
2025-03-19 05:30:00,Solana,125.33,136.08,124.2,135.33,4170497.991,135.33
2025-03-20 05:30:00,Solana,135.33,136.12,126.65,127.6,2593287.986,127.6
2025-03-21 05:30:00,Solana,127.6,130.18,124.81,128.48,2400422.348,128.48
2025-03-22 05:30:00,Solana,128.47,131.84,127.8,128.51,1498168.196,128.51
2025-03-23 05:30:00,Solana,128.5,134.06,128.21,132.84,1763485.986,132.84
2025-03-24 05:30:00,Solana,132.85,144.96,132.04,141.01,4554131.645,141.01
2025-03-25 05:30:00,Solana,141.01,147.48,138.17,143.64,3529958.67,143.64
2025-03-26 05:30:00,Solana,143.64,145.49,135.89,137.34,3099523.287,137.34
2025-03-27 05:30:00,Solana,137.35,140.22,135.63,138.43,2466162.683,138.43
2025-03-28 05:30:00,Solana,138.44,139.05,127.69,129.49,3892191.365,129.49
2025-03-29 05:30:00,Solana,129.5,130.54,122.68,124.58,2610065.515,124.58
2025-03-30 05:30:00,Solana,124.58,127.08,123.0,124.82,1743775.296,124.82
2025-03-31 05:30:00,Solana,124.83,127.81,122.75,124.54,3730628.853,124.54
2025-04-01 05:30:00,Solana,124.53,130.55,123.74,126.67,3554277.848,126.67
2025-04-02 05:30:00,Solana,126.68,136.21,117.0,117.42,6288908.68,117.42
2025-04-03 05:30:00,Solana,117.42,120.94,112.24,117.17,5854867.278,117.17
2025-04-04 05:30:00,Solana,117.17,124.0,113.25,122.79,5721072.32,122.79
2025-04-05 05:30:00,Solana,122.8,122.85,117.15,120.32,1784381.3,120.32
2025-04-06 05:30:00,Solana,120.33,121.13,103.81,105.91,4934346.985,105.91
2025-04-07 05:30:00,Solana,105.9,113.0,95.26,106.99,12630664.993,106.99
2025-04-08 05:30:00,Solana,106.98,112.58,102.96,105.4,5839129.782,105.4
2025-04-09 05:30:00,Solana,105.4,121.0,101.26,119.05,9334586.139,119.05
2025-04-10 05:30:00,Solana,119.05,119.3,108.21,112.81,5566324.629,112.81
2025-04-11 05:30:00,Solana,112.8,122.65,112.16,121.41,4344066.889,121.41
2025-04-12 05:30:00,Solana,121.41,134.11,119.41,132.24,4620265.855,132.24
2025-04-13 05:30:00,Solana,132.24,133.96,125.32,128.38,4054370.603,128.38
2025-04-14 05:30:00,Solana,128.38,136.13,127.98,129.42,4150251.45,129.42
2025-04-15 05:30:00,Solana,129.41,134.45,125.82,126.11,3431482.497,126.11
2025-04-16 05:30:00,Solana,126.1,133.91,123.49,131.33,5320768.994,131.33
2025-04-17 05:30:00,Solana,131.33,136.2,129.5,134.83,3817459.718,134.83
2025-04-18 05:30:00,Solana,134.84,136.02,132.47,134.04,2556341.874,134.04
2025-04-19 05:30:00,Solana,134.05,140.5,133.58,139.87,2816038.068,139.87
2025-04-20 05:30:00,Solana,139.86,141.96,135.64,137.86,3498098.615,137.86
2025-04-21 05:30:00,Solana,137.86,143.25,133.82,136.56,4657400.503,136.56
2025-04-22 05:30:00,Solana,136.57,150.23,134.68,148.79,5078409.536,148.79
2025-04-23 05:30:00,Solana,148.78,154.21,147.13,151.1,4801378.47,151.1
2025-04-24 05:30:00,Solana,151.1,152.9,144.87,152.55,3535860.484,152.55
2025-04-25 05:30:00,Solana,152.55,157.0,149.87,150.82,4226767.973,150.82
2025-04-26 05:30:00,Solana,150.82,153.17,147.75,149.21,1766805.88,149.21
2025-04-27 05:30:00,Solana,149.22,150.41,145.51,147.98,1599977.891,147.98
2025-04-28 05:30:00,Solana,147.97,153.4,144.63,147.84,3507950.445,147.84
2025-04-29 05:30:00,Solana,147.84,150.39,145.0,146.31,2498992.492,146.31
2025-04-30 05:30:00,Solana,146.3,148.67,140.32,147.54,2780816.363,147.54
2025-05-01 05:30:00,Solana,147.54,153.99,147.54,150.85,3037281.454,150.85
2025-05-02 05:30:00,Solana,150.85,151.91,147.3,148.05,2216263.073,148.05
2025-05-03 05:30:00,Solana,148.04,149.05,145.82,146.71,1406583.56,146.71
2025-05-04 05:30:00,Solana,146.71,147.81,143.5,143.95,1613358.553,143.95
2025-05-05 05:30:00,Solana,143.94,147.73,142.5,146.72,2030995.801,146.72
2025-05-06 05:30:00,Solana,146.72,147.23,141.41,146.88,2352310.935,146.88
2025-05-07 05:30:00,Solana,146.89,149.54,144.68,147.32,2440566.284,147.32
2025-05-08 05:30:00,Solana,147.32,164.6,147.08,164.46,6040622.618,164.46
2025-05-09 05:30:00,Solana,164.46,176.15,161.07,172.78,6318574.649,172.78
2025-05-10 05:30:00,Solana,172.77,178.98,168.72,177.89,3339701.179,177.89
2025-05-11 05:30:00,Solana,177.89,180.26,169.35,173.19,3210729.52,173.19
2025-05-12 05:30:00,Solana,173.2,181.46,168.31,174.22,6245732.977,174.22
2025-05-13 05:30:00,Solana,174.22,184.83,166.18,183.75,4587043.398,183.75
2025-05-14 05:30:00,Solana,183.75,184.88,173.23,176.64,3619155.253,176.64
2025-05-15 05:30:00,Solana,176.63,178.33,166.7,169.16,3546037.724,169.16
2025-05-16 05:30:00,Solana,169.16,174.21,166.36,167.4,2766386.671,167.4
2025-05-17 05:30:00,Solana,167.4,169.99,164.01,165.94,2262121.706,165.94
2025-05-18 05:30:00,Solana,165.94,176.77,164.54,173.3,3194610.936,173.3
2025-05-19 05:30:00,Solana,173.3,173.94,159.44,166.86,4076352.744,166.86
2025-05-20 05:30:00,Solana,166.87,173.11,164.51,168.59,3135420.426,168.59
2025-05-21 05:30:00,Solana,168.59,175.99,165.51,173.53,4400610.4,173.53
2025-05-22 05:30:00,Solana,173.54,180.87,172.59,179.68,3608222.862,179.68
2025-05-23 05:30:00,Solana,179.68,187.71,173.23,174.01,6112910.776,174.01
2025-05-24 05:30:00,Solana,174.0,178.33,172.5,175.87,2317965.021,175.87
2025-05-25 05:30:00,Solana,175.87,176.88,169.14,175.74,2530363.859,175.74
2025-05-26 05:30:00,Solana,175.75,179.02,173.48,174.91,2214724.796,174.91
2025-05-27 05:30:00,Solana,174.92,179.41,171.24,176.71,2568509.368,176.71
2025-05-28 05:30:00,Solana,176.72,177.45,168.92,172.21,2534660.877,172.21
2025-05-29 05:30:00,Solana,172.22,175.34,165.96,166.71,2641789.968,166.71
2025-05-30 05:30:00,Solana,166.71,167.51,155.22,156.2,3770279.512,156.2
2025-05-31 05:30:00,Solana,156.2,158.01,152.14,156.45,2352257.752,156.45
2025-06-01 05:30:00,Solana,156.45,157.92,150.59,157.68,2042131.041,157.68
2025-06-02 05:30:00,Solana,157.68,158.93,151.67,156.83,2502052.191,156.83
2025-06-03 05:30:00,Solana,156.83,163.64,154.14,155.19,2849585.145,155.19
2025-06-04 05:30:00,Solana,155.19,157.97,152.94,153.26,1990646.424,153.26
2025-06-05 05:30:00,Solana,153.27,154.61,141.53,144.29,4258041.075,144.29
2025-06-06 05:30:00,Solana,144.28,152.39,144.11,147.83,2167791.114,147.83
2025-06-07 05:30:00,Solana,147.82,152.84,146.84,150.06,1408204.615,150.06
2025-06-08 05:30:00,Solana,150.07,155.3,147.88,152.45,1564000.366,152.45
2025-06-09 05:30:00,Solana,152.45,161.73,149.58,161.16,3079728.265,161.16
2025-06-10 05:30:00,Solana,161.16,165.67,156.32,165.12,3589559.163,165.12
2025-06-11 05:30:00,Solana,165.12,168.36,159.21,160.97,4019424.999,160.97
2025-06-12 05:30:00,Solana,160.98,161.28,152.02,152.32,2883476.685,152.32
2025-06-13 05:30:00,Solana,152.32,152.59,140.21,148.6,5339782.783,148.6
2025-06-14 05:30:00,Solana,148.6,148.7,141.97,144.64,1679994.751,144.64
2025-06-15 05:30:00,Solana,144.65,153.54,144.22,152.97,2831999.616,152.97
2025-06-16 05:30:00,Solana,152.97,158.8,150.3,150.72,3573196.785,150.72
2025-06-17 05:30:00,Solana,150.73,154.33,145.61,147.57,3395648.859,147.57
2025-06-18 05:30:00,Solana,147.58,149.28,143.65,146.34,2800908.98,146.34
2025-06-19 05:30:00,Solana,146.35,147.9,142.92,147.04,2285335.729,147.04
2025-06-20 05:30:00,Solana,147.04,148.81,135.69,140.11,3393327.209,140.11
2025-06-21 05:30:00,Solana,140.11,142.6,130.9,135.43,2826424.143,135.43
2025-06-22 05:30:00,Solana,135.43,137.62,126.0,131.71,4252120.023,131.71
2025-06-23 05:30:00,Solana,131.71,146.92,130.68,144.51,4573147.667,144.51
2025-06-24 05:30:00,Solana,144.51,146.77,142.31,145.92,2741809.086,145.92
2025-06-25 05:30:00,Solana,145.93,147.95,142.25,143.57,2233601.909,143.57
2025-06-26 05:30:00,Solana,143.57,148.0,138.62,139.06,2522507.942,139.06
2025-06-27 05:30:00,Solana,139.05,144.85,137.14,142.09,2471847.15,142.09
2025-06-28 05:30:00,Solana,142.09,152.7,141.13,150.72,2657836.682,150.72
2025-06-29 05:30:00,Solana,150.73,154.77,149.36,153.32,2150026.172,153.32
2025-06-30 05:30:00,Solana,153.32,159.99,149.45,154.81,3871390.335,154.81
2025-07-01 05:30:00,Solana,154.82,155.64,144.85,146.88,2770862.174,146.88
2025-07-02 05:30:00,Solana,146.87,154.47,145.85,152.27,2652574.279,152.27
2025-07-03 05:30:00,Solana,152.28,156.35,149.86,152.36,2686218.205,152.36
2025-07-04 05:30:00,Solana,152.35,153.88,145.22,147.7,2308086.736,147.7
2025-07-05 05:30:00,Solana,147.69,148.7,145.9,147.55,1173963.86,147.55
2025-07-06 05:30:00,Solana,147.55,153.89,146.78,151.86,2486859.718,151.86
2025-07-07 05:30:00,Solana,151.86,153.6,147.7,148.88,2174727.723,148.88
2025-07-08 05:30:00,Solana,148.89,152.88,147.85,151.67,2712869.323,151.67
2025-07-09 05:30:00,Solana,151.68,157.93,150.53,157.05,2907219.748,157.05
2025-07-10 05:30:00,Solana,157.06,165.43,155.64,164.34,3428382.349,164.34
2025-07-11 05:30:00,Solana,164.33,168.2,159.54,162.93,4354179.713,162.93
2025-07-12 05:30:00,Solana,162.92,163.9,157.74,160.69,2043211.942,160.69
2025-07-13 05:30:00,Solana,160.7,164.19,159.63,161.15,1929745.851,161.15
2025-07-14 05:30:00,Solana,161.15,168.65,160.61,162.21,3973706.533,162.21
2025-07-15 05:30:00,Solana,162.21,164.26,157.23,163.98,3665295.753,163.98
2025-07-16 05:30:00,Solana,163.98,176.0,161.51,173.63,5020288.123,173.63
2025-07-17 05:30:00,Solana,173.62,178.19,168.71,175.87,4491555.727,175.87
2025-07-18 05:30:00,Solana,175.88,184.67,173.24,177.28,5191853.168,177.28
2025-07-19 05:30:00,Solana,177.28,178.61,174.0,176.96,2059315.008,176.96
2025-07-20 05:30:00,Solana,176.97,183.66,176.33,181.43,3694854.915,181.43
2025-07-21 05:30:00,Solana,181.44,199.28,178.25,195.72,6495907.179,195.72
2025-07-22 05:30:00,Solana,195.72,206.3,193.75,205.7,8635627.173,205.7
2025-07-23 05:30:00,Solana,205.7,205.75,183.97,189.4,5548137.499,189.4
2025-07-24 05:30:00,Solana,189.4,191.87,179.21,182.87,5217064.871,182.87
2025-07-25 05:30:00,Solana,182.88,186.85,175.63,186.76,4481310.44,186.76
2025-07-26 05:30:00,Solana,186.75,189.78,184.29,184.88,1773453.875,184.88
2025-07-27 05:30:00,Solana,184.89,190.7,184.53,188.64,2233060.133,188.64
2025-07-28 05:30:00,Solana,188.64,195.26,182.16,183.11,4067872.127,183.11
2025-07-29 05:30:00,Solana,183.1,186.68,178.3,181.48,2541912.036,181.48
2025-07-30 05:30:00,Solana,181.47,182.56,170.29,177.77,3297250.187,177.77
2025-07-31 05:30:00,Solana,177.77,182.7,171.44,172.22,2624841.783,172.22
2025-08-01 05:30:00,Solana,172.22,172.26,159.2,162.71,4317529.315,162.71
2025-08-02 05:30:00,Solana,162.71,165.3,155.83,158.48,2208175.075,158.48
2025-08-03 05:30:00,Solana,158.49,163.14,156.28,161.97,2297909.311,161.97
2025-08-04 05:30:00,Solana,161.98,169.8,161.26,169.55,2688954.158,169.55
2025-08-05 05:30:00,Solana,169.55,171.73,161.3,164.09,2554958.009,164.09
2025-08-06 05:30:00,Solana,164.09,169.93,161.13,168.09,1797491.429,168.09
2025-08-07 05:30:00,Solana,168.1,175.51,166.7,175.36,3014662.995,175.36
2025-08-08 05:30:00,Solana,175.37,179.66,173.43,176.78,3678790.655,176.78
2025-08-09 05:30:00,Solana,176.79,183.45,176.64,179.95,3325504.387,179.95
2025-08-10 05:30:00,Solana,179.96,186.18,177.51,182.66,4197287.287,182.66
2025-08-11 05:30:00,Solana,182.67,186.8,173.43,174.84,3960743.531,174.84
2025-08-12 05:30:00,Solana,174.83,193.76,173.6,191.78,5074348.157,191.78
2025-08-13 05:30:00,Solana,191.77,204.96,191.48,201.51,7148726.279,201.51
2025-08-14 05:30:00,Solana,201.51,209.86,186.68,192.47,8965607.314,192.47
2025-08-15 05:30:00,Solana,192.46,198.07,183.3,185.72,4360287.396,185.72
2025-08-16 05:30:00,Solana,185.71,190.06,185.2,189.6,2099818.448,189.6
2025-08-17 05:30:00,Solana,189.61,195.89,187.35,190.99,2261555.556,190.99
2025-08-18 05:30:00,Solana,191.0,191.33,180.0,182.94,3374074.697,182.94
2025-08-19 05:30:00,Solana,182.94,185.87,175.69,176.22,3260089.959,176.22
2025-08-20 05:30:00,Solana,176.22,187.97,176.04,187.94,3464957.674,187.94
2025-08-21 05:30:00,Solana,187.95,190.1,179.43,180.29,2914511.603,180.29
2025-08-22 05:30:00,Solana,180.3,202.4,177.27,200.69,6594118.389,200.69
2025-08-23 05:30:00,Solana,200.69,208.62,195.26,204.14,4788640.759,204.14
2025-08-24 05:30:00,Solana,204.15,211.99,201.09,205.98,7165649.238,205.98
2025-08-25 05:30:00,Solana,205.99,213.6,185.33,187.2,7953100.753,187.2
2025-08-26 05:30:00,Solana,187.19,198.1,185.58,195.86,4734419.522,195.86
2025-08-27 05:30:00,Solana,195.85,212.08,193.78,202.95,7835140.154,202.95
2025-08-28 05:30:00,Solana,202.95,216.89,201.72,214.43,7247306.546,214.43
2025-08-29 05:30:00,Solana,214.43,218.0,199.85,205.08,8607486.597,205.08
2025-08-30 05:30:00,Solana,205.09,207.06,197.52,202.7,3894576.115,202.7
2025-08-31 05:30:00,Solana,202.7,206.66,200.28,200.62,3303223.948,200.62
2025-09-01 05:30:00,Solana,200.62,204.58,194.19,197.32,4464767.773,197.32
2025-09-02 05:30:00,Solana,197.32,209.68,196.77,209.65,4894637.549,209.65
2025-09-03 05:30:00,Solana,209.64,213.02,207.42,210.77,4063191.683,210.77
2025-09-04 05:30:00,Solana,210.77,211.94,201.84,202.32,2726779.277,202.32
2025-09-05 05:30:00,Solana,202.32,210.0,200.95,203.36,4121395.255,203.36
2025-09-06 05:30:00,Solana,203.37,204.68,199.32,200.16,1481500.997,200.16
2025-09-07 05:30:00,Solana,200.17,207.95,200.12,206.35,2217510.763,206.35
2025-09-08 05:30:00,Solana,206.35,217.11,205.59,214.11,5729678.935,214.11
2025-09-09 05:30:00,Solana,214.11,219.79,210.79,217.21,4979304.713,217.21
2025-09-10 05:30:00,Solana,217.22,226.0,215.09,224.07,4824185.212,224.07
2025-09-11 05:30:00,Solana,224.06,228.95,221.72,228.73,4352357.001,228.73
2025-09-12 05:30:00,Solana,228.73,244.04,228.11,242.18,5891653.931,242.18
2025-09-13 05:30:00,Solana,242.18,244.14,235.73,242.38,3305661.265,242.38
2025-09-14 05:30:00,Solana,242.38,249.6,239.23,239.76,4165171.128,239.76
2025-09-15 05:30:00,Solana,239.75,244.0,230.15,234.31,4733589.619,234.31
2025-09-16 05:30:00,Solana,234.32,240.95,231.26,236.96,3181627.06,236.96
2025-09-17 05:30:00,Solana,236.96,246.62,232.23,244.84,4771529.493,244.84
2025-09-18 05:30:00,Solana,244.84,253.51,242.58,247.5,3916890.908,247.5
2025-09-19 05:30:00,Solana,247.5,248.57,235.12,238.53,3384985.698,238.53
2025-09-20 05:30:00,Solana,238.53,241.22,236.91,239.48,1550489.215,239.48
2025-09-21 05:30:00,Solana,239.48,241.82,235.32,236.16,1392437.976,236.16
2025-09-22 05:30:00,Solana,236.16,236.96,214.5,220.38,5836593.703,220.38
2025-09-23 05:30:00,Solana,220.39,221.71,212.34,213.3,3448908.468,213.3
2025-09-24 05:30:00,Solana,213.29,216.45,204.81,211.6,4427457.526,211.6
2025-09-25 05:30:00,Solana,211.61,212.44,191.32,192.74,6761257.291,192.74
2025-09-26 05:30:00,Solana,192.73,205.52,190.8,205.17,5623202.874,205.17
2025-09-27 05:30:00,Solana,205.16,205.43,199.88,203.46,2104933.415,203.46
2025-09-28 05:30:00,Solana,203.47,211.0,198.0,210.83,2194260.074,210.83
2025-09-29 05:30:00,Solana,210.83,214.74,204.58,212.75,3213098.851,212.75
2025-09-30 05:30:00,Solana,212.74,213.67,204.29,208.68,3264781.485,208.68
2025-10-01 05:30:00,Solana,208.68,222.77,206.31,222.04,4050260.921,222.04
2025-10-02 05:30:00,Solana,222.04,234.99,219.52,234.74,4590696.388,234.74
2025-10-03 05:30:00,Solana,234.74,237.0,227.13,232.84,4216611.614,232.84
2025-10-04 05:30:00,Solana,232.84,234.05,224.07,227.86,1841410.605,227.86
2025-10-05 05:30:00,Solana,227.86,237.22,226.45,228.56,3099633.526,228.56
2025-10-06 05:30:00,Solana,228.56,237.79,227.55,232.35,2981928.375,232.35
2025-10-07 05:30:00,Solana,232.35,235.21,219.7,219.97,4401045.757,219.97
2025-10-08 05:30:00,Solana,219.98,229.72,217.3,229.02,3103760.645,229.02
2025-10-09 05:30:00,Solana,229.03,229.69,216.53,220.93,3272953.431,220.93
2025-10-10 05:30:00,Solana,220.93,224.46,168.79,188.43,9622835.429,188.43
2025-10-11 05:30:00,Solana,188.43,191.05,172.58,177.62,7292387.248,177.62
2025-10-12 05:30:00,Solana,177.63,199.0,173.0,197.0,6486999.721,197.0
2025-10-13 05:30:00,Solana,196.99,209.28,190.02,208.69,6253161.511,208.69
2025-10-14 05:30:00,Solana,208.69,211.25,191.03,202.44,7349167.875,202.44
2025-10-15 05:30:00,Solana,202.45,208.91,192.04,193.84,5369155.439,193.84
2025-10-16 05:30:00,Solana,193.84,198.42,182.03,184.85,5404640.663,184.85
2025-10-17 05:30:00,Solana,184.84,187.55,174.06,181.96,6102908.877,181.96
2025-10-18 05:30:00,Solana,181.97,188.26,181.75,187.56,2105841.095,187.56
2025-10-19 05:30:00,Solana,187.55,192.29,183.19,187.86,2483964.6,187.86
2025-10-20 05:30:00,Solana,187.86,194.5,183.82,189.71,3178001.499,189.71
2025-10-21 05:30:00,Solana,189.71,197.71,182.72,185.63,4651082.621,185.63
2025-10-22 05:30:00,Solana,185.62,187.45,177.04,180.12,3977004.715,180.12
2025-10-23 05:30:00,Solana,180.13,193.45,179.68,191.35,3501959.115,191.35
2025-10-24 05:30:00,Solana,191.36,197.0,188.83,193.59,3356762.626,193.59
2025-10-25 05:30:00,Solana,193.58,195.25,191.19,193.84,1626838.938,193.84
2025-10-26 05:30:00,Solana,193.84,202.43,191.9,200.03,2577750.13,200.03
2025-10-27 05:30:00,Solana,200.03,205.33,197.34,198.7,3515609.387,198.7
2025-10-28 05:30:00,Solana,198.71,203.99,190.22,194.15,4329169.961,194.15
2025-10-29 05:30:00,Solana,194.16,201.7,189.37,193.88,4620887.829,193.88
2025-10-30 05:30:00,Solana,193.89,198.19,178.65,184.69,5054538.263,184.69
2025-10-31 05:30:00,Solana,184.69,190.26,183.7,187.21,3193393.84,187.21
2025-11-01 05:30:00,Solana,187.21,187.55,183.79,186.35,1484505.22,186.35
2025-11-02 05:30:00,Solana,186.35,188.34,182.0,187.71,1761297.557,187.71
2025-11-03 05:30:00,Solana,187.71,189.13,163.15,166.06,7327613.063,166.06
2025-11-04 05:30:00,Solana,166.06,168.42,145.85,155.03,8288577.565,155.03
2025-11-05 05:30:00,Solana,155.04,163.97,147.29,162.37,4650531.688,162.37
2025-11-06 05:30:00,Solana,162.37,162.91,153.45,155.28,3576753.327,155.28
2025-11-07 05:30:00,Solana,155.27,164.48,149.82,161.79,4213077.972,161.79
2025-11-08 05:30:00,Solana,161.8,164.89,155.8,158.02,2502927.24,158.02
2025-11-09 05:30:00,Solana,158.01,166.57,155.11,164.53,3231789.575,164.53
2025-11-10 05:30:00,Solana,164.53,170.48,163.42,167.31,3628961.126,167.31
2025-11-11 05:30:00,Solana,167.31,171.94,153.93,154.63,4702104.213,154.63
2025-11-12 05:30:00,Solana,154.63,161.14,151.2,153.42,4139205.467,153.42
2025-11-13 05:30:00,Solana,153.43,157.2,141.04,144.73,5418189.697,144.73
2025-11-14 05:30:00,Solana,144.74,145.68,135.76,138.92,6176425.147,138.92
2025-11-15 05:30:00,Solana,138.93,144.69,138.61,139.61,2351478.022,139.61
2025-11-16 05:30:00,Solana,139.6,143.38,134.42,137.17,3385434.284,137.17
2025-11-17 05:30:00,Solana,137.17,143.28,128.82,130.99,5624720.775,130.99
2025-11-18 05:30:00,Solana,131.0,142.17,129.0,140.69,5528848.81,140.69
2025-11-19 05:30:00,Solana,140.68,142.84,130.53,137.06,4268467.044,137.06
2025-11-20 05:30:00,Solana,137.06,144.8,131.11,133.67,7048254.224,133.67
2025-11-21 05:30:00,Solana,133.67,135.06,121.66,128.68,8285885.693,128.68
2025-11-22 05:30:00,Solana,128.69,129.94,125.08,127.59,2612487.859,127.59
2025-11-23 05:30:00,Solana,127.6,133.54,127.56,130.58,2818715.19,130.58
2025-11-24 05:30:00,Solana,130.58,139.87,128.44,138.44,4744857.046,138.44
2025-11-25 05:30:00,Solana,138.43,140.5,133.13,138.96,2994819.853,138.96
2025-11-26 05:30:00,Solana,138.96,144.75,135.5,143.02,4021862.67,143.02
2025-11-27 05:30:00,Solana,143.01,144.29,140.47,140.85,2331673.189,140.85
2025-11-28 05:30:00,Solana,140.85,143.6,136.01,137.33,3502510.031,137.33
2025-11-29 05:30:00,Solana,137.33,138.1,134.76,135.91,1859321.171,135.91
2025-11-30 05:30:00,Solana,135.92,140.19,133.26,133.48,2608165.329,133.48
2025-12-01 05:30:00,Solana,133.48,133.74,123.11,126.66,5007504.057,126.66
2025-12-02 05:30:00,Solana,126.66,140.88,126.01,138.68,5022856.747,138.68
2025-12-03 05:30:00,Solana,138.67,146.08,137.76,144.67,3954144.805,144.67
2025-12-04 05:30:00,Solana,144.67,146.91,137.8,139.01,2694242.241,139.01
2025-12-05 05:30:00,Solana,139.01,140.75,130.73,133.29,3367359.143,133.29
2025-12-06 05:30:00,Solana,133.29,134.13,131.28,132.19,1341595.431,132.19
2025-12-07 05:30:00,Solana,132.2,136.35,127.7,132.24,3131804.491,132.24
2025-12-08 05:30:00,Solana,132.25,139.36,131.52,133.25,3245115.426,133.25
2025-12-09 05:30:00,Solana,133.24,144.93,131.62,137.88,4508522.034,137.88
2025-12-10 05:30:00,Solana,137.87,142.57,135.39,136.26,4520230.276,136.26
2025-12-11 05:30:00,Solana,136.26,137.79,129.0,136.41,4377697.036,136.41
2025-12-12 05:30:00,Solana,136.41,140.12,130.35,132.27,4005608.262,132.27
2025-12-13 05:30:00,Solana,132.28,134.28,131.6,133.14,1472483.735,133.14
2025-12-14 05:30:00,Solana,133.13,133.66,127.98,129.4,1731614.637,129.4
2025-12-15 05:30:00,Solana,129.39,135.43,123.63,127.81,3922431.0,127.81
2025-12-16 05:30:00,Solana,127.81,130.14,124.87,129.15,2884783.998,129.15
2025-12-17 05:30:00,Solana,129.15,133.99,121.36,123.27,4525580.216,123.27
2025-12-18 05:30:00,Solana,123.28,129.05,116.88,119.6,4790795.008,119.6
2025-12-19 05:30:00,Solana,119.6,127.87,117.61,126.27,4090548.592,126.27
2025-12-20 05:30:00,Solana,126.27,126.89,125.3,125.81,1229353.586,125.81
2025-12-21 05:30:00,Solana,125.8,126.62,123.4,126.03,1812103.189,126.03
2025-12-22 05:30:00,Solana,126.03,128.78,124.2,125.93,2667589.146,125.93
2025-12-23 05:30:00,Solana,125.93,126.93,122.16,124.01,2440030.872,124.01
2025-12-24 05:30:00,Solana,124.02,124.3,120.63,122.53,1605450.498,122.53
2025-12-25 05:30:00,Solana,122.52,124.46,119.71,120.06,1818325.148,120.06
2025-12-26 05:30:00,Solana,120.05,125.14,119.24,122.26,3326516.562,122.26
2025-12-27 05:30:00,Solana,122.27,125.08,121.86,124.73,1357802.112,124.73
2025-12-28 05:30:00,Solana,124.74,125.64,123.08,125.27,1828960.451,125.27
2025-12-29 05:30:00,Solana,125.27,130.16,122.36,123.28,4307595.105,123.28
2025-12-30 05:30:00,Solana,123.28,126.52,122.58,125.01,2480631.516,125.01
2025-12-31 05:30:00,Solana,125.02,132.75,122.99,124.65,2941643.658,124.65
2026-01-01 05:30:00,Solana,124.64,127.25,124.15,126.9,1733664.978,126.9
2026-01-02 05:30:00,Solana,126.91,133.25,125.84,132.29,2924227.372,132.29
2026-01-03 05:30:00,Solana,132.28,133.99,129.6,133.37,1520623.499,133.37
2026-01-04 05:30:00,Solana,133.37,135.54,133.12,134.12,1809269.113,134.12
2026-01-05 05:30:00,Solana,134.12,139.87,133.18,137.9,3327567.484,137.9
2026-01-06 05:30:00,Solana,137.91,143.48,136.19,141.08,3771795.117,141.08
2026-01-07 05:30:00,Solana,141.08,141.4,134.41,136.39,2321642.178,136.39
2026-01-08 05:30:00,Solana,136.39,140.07,132.67,138.37,3113437.835,138.37
2026-01-09 05:30:00,Solana,138.37,141.17,134.98,135.97,3778547.996,135.97
2026-01-10 05:30:00,Solana,135.96,137.05,135.37,135.84,1000837.004,135.84
2026-01-11 05:30:00,Solana,135.85,141.6,135.75,139.7,2209913.206,139.7
2026-01-12 05:30:00,Solana,139.69,144.4,138.34,139.22,4160120.091,139.22
2026-01-13 05:30:00,Solana,139.21,148.74,137.82,145.51,4195082.468,145.51
2026-01-14 05:30:00,Solana,145.52,148.44,143.37,146.69,3695077.378,146.69
2026-01-15 05:30:00,Solana,146.7,146.73,140.9,142.4,2462143.139,142.4
2026-01-16 05:30:00,Solana,142.41,145.55,140.26,144.89,1900879.026,144.89
2026-01-17 05:30:00,Solana,144.9,144.99,143.32,143.72,835154.761,143.72
2026-01-18 05:30:00,Solana,143.73,144.0,137.74,137.87,1877438.698,137.87
2026-01-19 05:30:00,Solana,137.87,137.87,130.0,133.44,2972524.77,133.44
2026-01-20 05:30:00,Solana,133.44,134.63,124.68,125.8,3532423.88,125.8
2026-01-21 05:30:00,Solana,125.81,132.17,125.26,129.54,3161736.36,129.54
2026-01-22 05:30:00,Solana,129.53,130.94,126.73,128.47,1811586.462,128.47
2026-01-23 05:30:00,Solana,128.47,130.2,125.28,127.43,2044063.077,127.43
2026-01-24 05:30:00,Solana,127.43,128.12,126.64,127.21,807419.995,127.21
2026-01-25 05:30:00,Solana,127.22,127.46,117.15,118.85,4540879.449,118.85
2026-01-26 05:30:00,Solana,118.85,125.6,118.53,124.24,2355751.363,124.24
2026-01-27 05:30:00,Solana,124.24,127.84,123.12,127.19,2036509.042,127.19
2026-01-28 05:30:00,Solana,127.18,128.34,124.78,125.35,1997863.528,125.35
2026-01-29 05:30:00,Solana,125.34,125.51,115.39,117.82,3730613.473,117.82
2026-01-30 05:30:00,Solana,117.82,119.12,112.14,117.59,4761006.742,117.59
2026-01-31 05:30:00,Solana,117.6,118.85,96.4,105.58,8567398.326,105.58
2026-02-01 05:30:00,Solana,105.58,106.69,98.02,100.79,4204256.051,100.79
2026-02-02 05:30:00,Solana,100.78,106.12,95.95,104.55,5574032.681,104.55
2026-02-03 05:30:00,Solana,104.54,105.1,96.64,97.89,4514018.115,97.89
2026-02-04 05:30:00,Solana,97.89,99.67,89.3,92.12,6251459.371,92.12
2026-02-05 05:30:00,Solana,92.11,93.43,77.6,78.35,10243355.48,78.35
2026-02-06 05:30:00,Solana,78.34,89.84,67.5,87.46,11811095.766,87.46
2026-02-07 05:30:00,Solana,87.45,89.2,84.16,87.59,4486649.48,87.59
2026-02-08 05:30:00,Solana,87.59,89.08,85.77,86.99,2534998.683,86.99
2026-02-09 05:30:00,Solana,86.99,88.69,82.86,86.77,3667652.416,86.77
2026-02-10 05:30:00,Solana,86.77,87.49,81.91,82.99,2975212.105,82.99
2026-02-11 05:30:00,Solana,82.99,84.39,78.04,79.3,3814913.32,79.3
2026-02-12 05:30:00,Solana,79.31,82.25,76.6,78.4,3196230.117,78.4
2026-02-13 05:30:00,Solana,78.39,85.63,77.53,84.33,3370390.272,84.33
2026-02-14 05:30:00,Solana,84.34,88.9,84.21,88.06,2698607.215,88.06
2026-02-15 05:30:00,Solana,88.06,91.26,84.89,86.16,3929085.4,86.16
2026-02-16 05:30:00,Solana,86.15,86.93,82.55,86.45,3559751.811,86.45
2026-02-17 05:30:00,Solana,86.45,87.69,82.92,85.08,2774655.865,85.08
2026-02-18 05:30:00,Solana,85.09,86.09,80.48,81.61,3137603.97,81.61
2026-02-19 05:30:00,Solana,81.61,82.67,79.61,82.5,2848277.49,82.5
2026-02-20 05:30:00,Solana,82.5,85.49,81.77,84.67,3754556.759,84.67
2026-02-21 05:30:00,Solana,84.68,86.72,83.97,85.17,1780748.862,85.17
2026-02-22 05:30:00,Solana,85.17,85.6,82.48,82.79,1798852.596,82.79
2026-02-23 05:30:00,Solana,82.8,82.85,77.15,77.9,5163373.383,77.9
2026-02-24 05:30:00,Solana,77.91,79.62,75.63,78.99,3592828.376,78.99
2026-02-25 05:30:00,Solana,78.99,92.1,78.73,88.06,5632749.415,88.06
2026-02-26 05:30:00,Solana,88.05,89.27,84.34,85.91,3356890.979,85.91
2026-02-27 05:30:00,Solana,85.91,88.29,80.32,81.85,3370499.359,81.85
2026-02-28 05:30:00,Solana,81.84,85.65,77.12,84.35,4737699.879,84.35
2026-03-01 05:30:00,Solana,84.35,88.9,81.69,83.6,4435194.222,83.6
2026-03-02 05:30:00,Solana,83.61,90.29,82.37,86.64,5123433.26,86.64
2026-03-03 05:30:00,Solana,86.65,87.46,82.5,86.97,4136742.745,86.97
2026-03-04 05:30:00,Solana,86.98,94.05,84.78,90.85,6329931.383,90.85
2026-03-05 05:30:00,Solana,90.86,92.96,87.91,88.77,3753710.608,88.77
2026-03-06 05:30:00,Solana,88.78,89.31,83.64,84.7,3135324.642,84.7
2026-03-07 05:30:00,Solana,84.69,85.07,82.28,83.22,1465281.721,83.22
2026-03-08 05:30:00,Solana,83.22,84.13,80.26,81.59,2102965.687,81.59
2026-03-09 05:30:00,Solana,81.6,87.06,81.54,84.96,3594057.289,84.96
2026-03-10 05:30:00,Solana,84.95,88.8,84.83,85.88,3643895.134,85.88
2026-03-11 05:30:00,Solana,85.88,88.09,84.36,86.58,3182175.739,86.58
2026-03-12 05:30:00,Solana,86.58,86.78,84.72,85.92,751489.676,85.92
2025-03-13 05:30:00,Cardano,0.736,0.742,0.6909,0.703,264883435.2,0.703
2025-03-14 05:30:00,Cardano,0.703,0.7514,0.6963,0.7373,200723012.3,0.7373
2025-03-15 05:30:00,Cardano,0.7372,0.7594,0.7309,0.7468,134638523.2,0.7468
2025-03-16 05:30:00,Cardano,0.7468,0.7473,0.6936,0.7049,166304049.4,0.7049
2025-03-17 05:30:00,Cardano,0.7049,0.732,0.7024,0.7175,124793194.3,0.7175
2025-03-18 05:30:00,Cardano,0.7175,0.7184,0.6816,0.7017,124187049.1,0.7017
2025-03-19 05:30:00,Cardano,0.7017,0.747,0.7003,0.7436,203333627.3,0.7436
2025-03-20 05:30:00,Cardano,0.7436,0.7554,0.712,0.718,163787969.9,0.718
2025-03-21 05:30:00,Cardano,0.7179,0.7277,0.7006,0.705,99337577.7,0.705
2025-03-22 05:30:00,Cardano,0.705,0.7161,0.6971,0.7014,58014666.0,0.7014
2025-03-23 05:30:00,Cardano,0.7015,0.716,0.6917,0.7107,83791747.2,0.7107
2025-03-24 05:30:00,Cardano,0.7106,0.7452,0.7055,0.732,164891536.5,0.732
2025-03-25 05:30:00,Cardano,0.732,0.7666,0.7209,0.7448,191707229.1,0.7448
2025-03-26 05:30:00,Cardano,0.7447,0.7744,0.7197,0.7287,166873889.6,0.7287
2025-03-27 05:30:00,Cardano,0.7288,0.7444,0.7209,0.7381,78374162.9,0.7381
2025-03-28 05:30:00,Cardano,0.7381,0.7465,0.6895,0.7062,140942745.6,0.7062
2025-03-29 05:30:00,Cardano,0.7062,0.7122,0.6588,0.6732,104353465.2,0.6732
2025-03-30 05:30:00,Cardano,0.6733,0.6877,0.6512,0.6612,73774230.6,0.6612
2025-03-31 05:30:00,Cardano,0.6613,0.6655,0.6296,0.6618,126559978.9,0.6618
2025-04-01 05:30:00,Cardano,0.6618,0.6949,0.6577,0.677,106364321.5,0.677
2025-04-02 05:30:00,Cardano,0.6771,0.7098,0.6348,0.64,168146368.6,0.64
2025-04-03 05:30:00,Cardano,0.64,0.6576,0.613,0.6508,114219073.8,0.6508
2025-04-04 05:30:00,Cardano,0.6509,0.6717,0.6275,0.6603,126446033.5,0.6603
2025-04-05 05:30:00,Cardano,0.6603,0.6675,0.6448,0.6547,43762918.6,0.6547
2025-04-06 05:30:00,Cardano,0.6547,0.6553,0.5597,0.5737,166216469.9,0.5737
2025-04-07 05:30:00,Cardano,0.5737,0.6055,0.511,0.5864,419069987.9,0.5864
2025-04-08 05:30:00,Cardano,0.5863,0.6201,0.5528,0.5583,238977888.4,0.5583
2025-04-09 05:30:00,Cardano,0.5583,0.6464,0.5366,0.6315,327515064.6,0.6315
2025-04-10 05:30:00,Cardano,0.6315,0.6338,0.5857,0.6094,159599767.0,0.6094
2025-04-11 05:30:00,Cardano,0.6094,0.645,0.6059,0.6239,152727364.8,0.6239
2025-04-12 05:30:00,Cardano,0.6239,0.6675,0.617,0.6595,115874420.3,0.6595
2025-04-13 05:30:00,Cardano,0.6596,0.6687,0.6301,0.6383,104410716.6,0.6383
2025-04-14 05:30:00,Cardano,0.6383,0.6575,0.6277,0.6353,117699773.5,0.6353
2025-04-15 05:30:00,Cardano,0.6353,0.6486,0.607,0.6091,143898856.8,0.6091
2025-04-16 05:30:00,Cardano,0.609,0.6245,0.5946,0.6105,126774167.2,0.6105
2025-04-17 05:30:00,Cardano,0.6106,0.6299,0.6088,0.6167,70142773.4,0.6167
2025-04-18 05:30:00,Cardano,0.6169,0.632,0.6104,0.6275,55674804.9,0.6275
2025-04-19 05:30:00,Cardano,0.6276,0.6349,0.6191,0.6282,42619558.8,0.6282
2025-04-20 05:30:00,Cardano,0.6282,0.6348,0.6095,0.6202,50246835.4,0.6202
2025-04-21 05:30:00,Cardano,0.6203,0.6507,0.6159,0.6242,113722683.3,0.6242
2025-04-22 05:30:00,Cardano,0.6241,0.685,0.6153,0.6794,143341355.5,0.6794
2025-04-23 05:30:00,Cardano,0.6794,0.7183,0.6774,0.6977,159614226.0,0.6977
2025-04-24 05:30:00,Cardano,0.6978,0.746,0.6701,0.7219,171690319.8,0.7219
2025-04-25 05:30:00,Cardano,0.722,0.7331,0.7019,0.7135,150864406.0,0.7135
2025-04-26 05:30:00,Cardano,0.7135,0.7344,0.6996,0.707,98567156.4,0.707
2025-04-27 05:30:00,Cardano,0.707,0.7185,0.6907,0.7032,82135355.9,0.7032
2025-04-28 05:30:00,Cardano,0.7033,0.729,0.6821,0.7056,148303185.8,0.7056
2025-04-29 05:30:00,Cardano,0.7057,0.7181,0.6888,0.6958,144681664.2,0.6958
2025-04-30 05:30:00,Cardano,0.6957,0.7037,0.6647,0.6816,97477142.0,0.6816
2025-05-01 05:30:00,Cardano,0.6816,0.7146,0.6814,0.705,85930672.3,0.705
2025-05-02 05:30:00,Cardano,0.705,0.7255,0.6888,0.6981,99617178.4,0.6981
2025-05-03 05:30:00,Cardano,0.6982,0.7297,0.6917,0.6995,125664048.1,0.6995
2025-05-04 05:30:00,Cardano,0.6995,0.7147,0.6718,0.6762,113830422.1,0.6762
2025-05-05 05:30:00,Cardano,0.6762,0.692,0.6541,0.6622,115627149.0,0.6622
2025-05-06 05:30:00,Cardano,0.6621,0.6807,0.6426,0.6789,81419623.3,0.6789
2025-05-07 05:30:00,Cardano,0.6789,0.6892,0.655,0.6715,89497926.6,0.6715
2025-05-08 05:30:00,Cardano,0.6716,0.771,0.67,0.7693,238990032.9,0.7693
2025-05-09 05:30:00,Cardano,0.7694,0.818,0.7532,0.7774,223733227.0,0.7774
2025-05-10 05:30:00,Cardano,0.7773,0.8435,0.7704,0.8406,177651038.9,0.8406
2025-05-11 05:30:00,Cardano,0.8406,0.8466,0.7813,0.8053,131407953.5,0.8053
2025-05-12 05:30:00,Cardano,0.8054,0.8643,0.7802,0.817,250186987.8,0.817
2025-05-13 05:30:00,Cardano,0.8169,0.8419,0.7716,0.8299,170776720.3,0.8299
2025-05-14 05:30:00,Cardano,0.83,0.8337,0.7887,0.7986,137228841.5,0.7986
2025-05-15 05:30:00,Cardano,0.7987,0.8102,0.7445,0.7624,181474078.9,0.7624
2025-05-16 05:30:00,Cardano,0.7624,0.7859,0.7505,0.7588,89428901.1,0.7588
2025-05-17 05:30:00,Cardano,0.7588,0.7814,0.7267,0.7427,127369154.9,0.7427
2025-05-18 05:30:00,Cardano,0.7428,0.7767,0.7171,0.7596,137043357.8,0.7596
2025-05-19 05:30:00,Cardano,0.7597,0.765,0.71,0.7425,121736745.6,0.7425
2025-05-20 05:30:00,Cardano,0.7426,0.7538,0.7224,0.746,94460431.4,0.746
2025-05-21 05:30:00,Cardano,0.7461,0.7839,0.7366,0.7693,152161906.6,0.7693
2025-05-22 05:30:00,Cardano,0.7693,0.8108,0.7688,0.8093,136071438.9,0.8093
2025-05-23 05:30:00,Cardano,0.8093,0.8414,0.743,0.7471,228323410.0,0.7471
2025-05-24 05:30:00,Cardano,0.7472,0.7668,0.7409,0.7467,73357703.7,0.7467
2025-05-25 05:30:00,Cardano,0.7467,0.7604,0.7277,0.7598,80670789.5,0.7598
2025-05-26 05:30:00,Cardano,0.7598,0.7771,0.751,0.7604,79623463.0,0.7604
2025-05-27 05:30:00,Cardano,0.7604,0.7756,0.7434,0.7583,91137197.1,0.7583
2025-05-28 05:30:00,Cardano,0.7584,0.7614,0.7324,0.7476,75356290.5,0.7476
2025-05-29 05:30:00,Cardano,0.7476,0.7652,0.7194,0.7221,104471174.0,0.7221
2025-05-30 05:30:00,Cardano,0.7221,0.7281,0.6821,0.6889,174517183.6,0.6889
2025-05-31 05:30:00,Cardano,0.689,0.6952,0.6561,0.6858,111278610.9,0.6858
2025-06-01 05:30:00,Cardano,0.6858,0.688,0.6541,0.6855,92156943.0,0.6855
2025-06-02 05:30:00,Cardano,0.6854,0.6921,0.6636,0.6896,72942407.9,0.6896
2025-06-03 05:30:00,Cardano,0.6897,0.7072,0.6738,0.6837,75512318.6,0.6837
2025-06-04 05:30:00,Cardano,0.6837,0.7027,0.662,0.6654,71491826.6,0.6654
2025-06-05 05:30:00,Cardano,0.6654,0.6899,0.6186,0.6256,145639972.6,0.6256
2025-06-06 05:30:00,Cardano,0.6256,0.6723,0.621,0.6554,99504658.4,0.6554
2025-06-07 05:30:00,Cardano,0.6554,0.6708,0.6494,0.6645,52653743.0,0.6645
2025-06-08 05:30:00,Cardano,0.6645,0.6796,0.6517,0.6703,73152581.7,0.6703
2025-06-09 05:30:00,Cardano,0.6703,0.708,0.6565,0.7049,99192245.2,0.7049
2025-06-10 05:30:00,Cardano,0.705,0.7206,0.6859,0.7167,146832550.3,0.7167
2025-06-11 05:30:00,Cardano,0.7167,0.7315,0.6909,0.698,113621215.0,0.698
2025-06-12 05:30:00,Cardano,0.6979,0.7003,0.6569,0.6613,99094622.1,0.6613
2025-06-13 05:30:00,Cardano,0.6613,0.6614,0.6174,0.642,180308681.7,0.642
2025-06-14 05:30:00,Cardano,0.6421,0.6428,0.6131,0.6247,57750191.8,0.6247
2025-06-15 05:30:00,Cardano,0.6247,0.6359,0.6208,0.6334,44666279.5,0.6334
2025-06-16 05:30:00,Cardano,0.6333,0.6575,0.6247,0.6303,99602152.2,0.6303
2025-06-17 05:30:00,Cardano,0.6302,0.6426,0.5998,0.609,110370304.8,0.609
2025-06-18 05:30:00,Cardano,0.609,0.6217,0.588,0.6039,120946782.8,0.6039
2025-06-19 05:30:00,Cardano,0.604,0.6117,0.5898,0.602,69309415.7,0.602
2025-06-20 05:30:00,Cardano,0.6021,0.6071,0.5613,0.5774,140958123.2,0.5774
2025-06-21 05:30:00,Cardano,0.5775,0.5882,0.5443,0.5561,140946671.2,0.5561
2025-06-22 05:30:00,Cardano,0.5562,0.5642,0.51,0.5419,254432354.9,0.5419
2025-06-23 05:30:00,Cardano,0.5419,0.5862,0.5289,0.5823,214940626.1,0.5823
2025-06-24 05:30:00,Cardano,0.5823,0.5936,0.5762,0.5875,148093981.2,0.5875
2025-06-25 05:30:00,Cardano,0.5875,0.5907,0.5631,0.5671,106514611.1,0.5671
2025-06-26 05:30:00,Cardano,0.5671,0.5819,0.5498,0.5543,101834511.0,0.5543
2025-06-27 05:30:00,Cardano,0.5544,0.5633,0.545,0.5587,80562142.4,0.5587
2025-06-28 05:30:00,Cardano,0.5586,0.5688,0.5554,0.5654,60272689.6,0.5654
2025-06-29 05:30:00,Cardano,0.5654,0.5857,0.555,0.5773,103251178.3,0.5773
2025-06-30 05:30:00,Cardano,0.5773,0.5905,0.5561,0.5722,113245597.3,0.5722
2025-07-01 05:30:00,Cardano,0.5722,0.5765,0.5366,0.542,122582583.1,0.542
2025-07-02 05:30:00,Cardano,0.542,0.5998,0.5387,0.584,185381208.3,0.584
2025-07-03 05:30:00,Cardano,0.584,0.6119,0.5827,0.5992,113126506.8,0.5992
2025-07-04 05:30:00,Cardano,0.5992,0.6034,0.5629,0.5724,84798877.1,0.5724
2025-07-05 05:30:00,Cardano,0.5725,0.5835,0.5687,0.5755,35696806.4,0.5755
2025-07-06 05:30:00,Cardano,0.5756,0.5931,0.5707,0.5858,54435116.4,0.5858
2025-07-07 05:30:00,Cardano,0.5858,0.5947,0.5734,0.5805,79484536.9,0.5805
2025-07-08 05:30:00,Cardano,0.5806,0.5921,0.5722,0.5884,72621236.5,0.5884
2025-07-09 05:30:00,Cardano,0.5883,0.6281,0.584,0.6227,148070206.3,0.6227
2025-07-10 05:30:00,Cardano,0.6227,0.6803,0.6173,0.6775,157102169.2,0.6775
2025-07-11 05:30:00,Cardano,0.6776,0.7774,0.6681,0.7094,422407397.0,0.7094
2025-07-12 05:30:00,Cardano,0.7094,0.7371,0.6884,0.7089,168298372.1,0.7089
2025-07-13 05:30:00,Cardano,0.7089,0.7562,0.7052,0.7367,215053184.2,0.7367
2025-07-14 05:30:00,Cardano,0.7368,0.7683,0.7212,0.7352,236796029.0,0.7352
2025-07-15 05:30:00,Cardano,0.7352,0.7495,0.7105,0.7466,193798144.0,0.7466
2025-07-16 05:30:00,Cardano,0.7467,0.7849,0.7327,0.7644,193963182.7,0.7644
2025-07-17 05:30:00,Cardano,0.7645,0.8386,0.7401,0.8216,358854772.5,0.8216
2025-07-18 05:30:00,Cardano,0.8216,0.8955,0.7959,0.8158,392945944.3,0.8158
2025-07-19 05:30:00,Cardano,0.8159,0.8372,0.8017,0.8298,111106231.9,0.8298
2025-07-20 05:30:00,Cardano,0.8298,0.8786,0.823,0.858,225868721.3,0.858
2025-07-21 05:30:00,Cardano,0.858,0.9373,0.8415,0.8891,339104770.6,0.8891
2025-07-22 05:30:00,Cardano,0.889,0.9096,0.8526,0.9034,280731632.2,0.9034
2025-07-23 05:30:00,Cardano,0.9035,0.9037,0.7857,0.816,280523266.3,0.816
2025-07-24 05:30:00,Cardano,0.816,0.8381,0.7613,0.806,300916507.2,0.806
2025-07-25 05:30:00,Cardano,0.8059,0.8187,0.7747,0.8158,184839066.1,0.8158
2025-07-26 05:30:00,Cardano,0.8158,0.8387,0.8119,0.8198,104439376.7,0.8198
2025-07-27 05:30:00,Cardano,0.8198,0.8394,0.8141,0.832,115390984.0,0.832
2025-07-28 05:30:00,Cardano,0.832,0.8559,0.786,0.7932,176220336.4,0.7932
2025-07-29 05:30:00,Cardano,0.7932,0.8099,0.7694,0.7828,126191748.8,0.7828
2025-07-30 05:30:00,Cardano,0.7829,0.7898,0.7301,0.7634,180444777.0,0.7634
2025-07-31 05:30:00,Cardano,0.7633,0.7893,0.7356,0.7392,135816550.6,0.7392
2025-08-01 05:30:00,Cardano,0.7392,0.7413,0.6962,0.7141,208847677.1,0.7141
2025-08-02 05:30:00,Cardano,0.7141,0.7278,0.6842,0.6975,128892289.5,0.6975
2025-08-03 05:30:00,Cardano,0.6975,0.731,0.6869,0.727,100572763.3,0.727
2025-08-04 05:30:00,Cardano,0.7271,0.7591,0.7251,0.7549,109468445.8,0.7549
2025-08-05 05:30:00,Cardano,0.755,0.7601,0.7134,0.7258,116108835.0,0.7258
2025-08-06 05:30:00,Cardano,0.7258,0.748,0.7107,0.7413,80620550.6,0.7413
2025-08-07 05:30:00,Cardano,0.7413,0.7884,0.734,0.7874,145327737.2,0.7874
2025-08-08 05:30:00,Cardano,0.7874,0.8069,0.7759,0.7911,159518548.4,0.7911
2025-08-09 05:30:00,Cardano,0.7912,0.8212,0.7898,0.8029,126981193.8,0.8029
2025-08-10 05:30:00,Cardano,0.8029,0.8344,0.7844,0.8014,135582385.7,0.8014
2025-08-11 05:30:00,Cardano,0.8015,0.8338,0.7662,0.7728,197965368.1,0.7728
2025-08-12 05:30:00,Cardano,0.7727,0.8579,0.7658,0.8411,268542746.8,0.8411
2025-08-13 05:30:00,Cardano,0.8411,0.922,0.8334,0.9042,291140557.0,0.9042
2025-08-14 05:30:00,Cardano,0.9042,1.0193,0.8781,0.9258,901874210.3,0.9258
2025-08-15 05:30:00,Cardano,0.9257,0.9643,0.9107,0.9453,417689026.4,0.9453
2025-08-16 05:30:00,Cardano,0.9452,0.9777,0.9011,0.9211,283543709.0,0.9211
2025-08-17 05:30:00,Cardano,0.9211,0.9878,0.9045,0.9609,235922207.4,0.9609
2025-08-18 05:30:00,Cardano,0.961,0.9683,0.8877,0.9236,274717771.5,0.9236
2025-08-19 05:30:00,Cardano,0.9235,0.9597,0.8437,0.8464,361169288.2,0.8464
2025-08-20 05:30:00,Cardano,0.8464,0.8925,0.8371,0.8808,272793278.7,0.8808
2025-08-21 05:30:00,Cardano,0.8809,0.8926,0.8466,0.8519,147306956.5,0.8519
2025-08-22 05:30:00,Cardano,0.8519,0.9426,0.8218,0.9314,373507351.1,0.9314
2025-08-23 05:30:00,Cardano,0.9315,0.939,0.8912,0.9143,163214429.0,0.9143
2025-08-24 05:30:00,Cardano,0.9142,0.9643,0.8881,0.909,255530384.5,0.909
2025-08-25 05:30:00,Cardano,0.909,0.9284,0.8297,0.8371,297471294.0,0.8371
2025-08-26 05:30:00,Cardano,0.8372,0.8748,0.8267,0.8663,160655800.8,0.8663
2025-08-27 05:30:00,Cardano,0.8663,0.8784,0.8469,0.8509,157523208.3,0.8509
2025-08-28 05:30:00,Cardano,0.8509,0.8799,0.8417,0.8576,132011383.5,0.8576
2025-08-29 05:30:00,Cardano,0.8576,0.8664,0.81,0.8266,201342974.0,0.8266
2025-08-30 05:30:00,Cardano,0.8266,0.8444,0.8054,0.8224,81522223.5,0.8224
2025-08-31 05:30:00,Cardano,0.8225,0.838,0.8094,0.8113,70084168.9,0.8113
2025-09-01 05:30:00,Cardano,0.8112,0.8452,0.7818,0.8014,201302131.6,0.8014
2025-09-02 05:30:00,Cardano,0.8015,0.8356,0.798,0.8349,141486947.7,0.8349
2025-09-03 05:30:00,Cardano,0.8348,0.8437,0.826,0.8366,85339868.5,0.8366
2025-09-04 05:30:00,Cardano,0.8367,0.8418,0.8026,0.8093,85090122.5,0.8093
2025-09-05 05:30:00,Cardano,0.8093,0.85,0.8046,0.8307,129834408.2,0.8307
2025-09-06 05:30:00,Cardano,0.8306,0.836,0.8143,0.8184,46572139.5,0.8184
2025-09-07 05:30:00,Cardano,0.8185,0.8418,0.818,0.8351,64778457.0,0.8351
2025-09-08 05:30:00,Cardano,0.8351,0.8692,0.83,0.8651,133401128.5,0.8651
2025-09-09 05:30:00,Cardano,0.8651,0.8947,0.8525,0.8652,187181932.9,0.8652
2025-09-10 05:30:00,Cardano,0.8653,0.8967,0.8596,0.8854,108953413.3,0.8854
2025-09-11 05:30:00,Cardano,0.8854,0.8981,0.8658,0.8939,118050138.7,0.8939
2025-09-12 05:30:00,Cardano,0.894,0.9181,0.8825,0.9169,146458617.0,0.9169
2025-09-13 05:30:00,Cardano,0.917,0.954,0.9143,0.9294,207628746.0,0.9294
2025-09-14 05:30:00,Cardano,0.9294,0.9313,0.8792,0.8879,106703822.7,0.8879
2025-09-15 05:30:00,Cardano,0.8878,0.9025,0.8524,0.8632,155293426.6,0.8632
2025-09-16 05:30:00,Cardano,0.8631,0.8841,0.853,0.8803,92067486.3,0.8803
2025-09-17 05:30:00,Cardano,0.8803,0.9197,0.8608,0.9138,154733412.9,0.9138
2025-09-18 05:30:00,Cardano,0.9138,0.9386,0.8996,0.9244,163637205.2,0.9244
2025-09-19 05:30:00,Cardano,0.9244,0.9378,0.8855,0.8904,130832798.9,0.8904
2025-09-20 05:30:00,Cardano,0.8904,0.9065,0.8871,0.8931,52678149.5,0.8931
2025-09-21 05:30:00,Cardano,0.8931,0.9026,0.875,0.884,64617792.0,0.884
2025-09-22 05:30:00,Cardano,0.8841,0.8877,0.7873,0.8256,262158405.5,0.8256
2025-09-23 05:30:00,Cardano,0.8257,0.8295,0.803,0.806,93154647.2,0.806
2025-09-24 05:30:00,Cardano,0.806,0.8304,0.7901,0.8127,95855704.9,0.8127
2025-09-25 05:30:00,Cardano,0.8128,0.8144,0.7542,0.7637,212139193.9,0.7637
2025-09-26 05:30:00,Cardano,0.7637,0.7964,0.7576,0.7919,102424850.1,0.7919
2025-09-27 05:30:00,Cardano,0.7918,0.7941,0.7766,0.7809,38304292.5,0.7809
2025-09-28 05:30:00,Cardano,0.781,0.8119,0.7645,0.8086,60982333.7,0.8086
2025-09-29 05:30:00,Cardano,0.8086,0.8161,0.788,0.8061,84007858.7,0.8061
2025-09-30 05:30:00,Cardano,0.806,0.8132,0.7781,0.8072,88758520.5,0.8072
2025-10-01 05:30:00,Cardano,0.8073,0.8512,0.7968,0.8508,132642239.2,0.8508
2025-10-02 05:30:00,Cardano,0.8508,0.8778,0.8361,0.8706,134137531.5,0.8706
2025-10-03 05:30:00,Cardano,0.8706,0.8924,0.8482,0.8655,133631604.9,0.8655
2025-10-04 05:30:00,Cardano,0.8655,0.8688,0.8331,0.8395,71672443.0,0.8395
2025-10-05 05:30:00,Cardano,0.8395,0.8826,0.8269,0.8371,149427053.9,0.8371
2025-10-06 05:30:00,Cardano,0.8372,0.881,0.8317,0.8715,171579610.4,0.8715
2025-10-07 05:30:00,Cardano,0.8716,0.878,0.817,0.8198,170785500.2,0.8198
2025-10-08 05:30:00,Cardano,0.8199,0.8515,0.8079,0.8387,109616497.8,0.8387
2025-10-09 05:30:00,Cardano,0.8387,0.8396,0.7939,0.8152,125624051.5,0.8152
2025-10-10 05:30:00,Cardano,0.8152,0.8242,0.2737,0.6353,787201148.9,0.6353
2025-10-11 05:30:00,Cardano,0.6353,0.6832,0.6092,0.6316,419734212.7,0.6316
2025-10-12 05:30:00,Cardano,0.6316,0.7095,0.6176,0.7,210806749.0,0.7
2025-10-13 05:30:00,Cardano,0.7001,0.736,0.6917,0.7284,243460738.8,0.7284
2025-10-14 05:30:00,Cardano,0.7284,0.7334,0.6619,0.6989,291031627.6,0.6989
2025-10-15 05:30:00,Cardano,0.6988,0.716,0.6575,0.6684,160075781.5,0.6684
2025-10-16 05:30:00,Cardano,0.6685,0.6847,0.6332,0.6453,200052556.0,0.6453
2025-10-17 05:30:00,Cardano,0.6452,0.656,0.5923,0.6245,268779633.7,0.6245
2025-10-18 05:30:00,Cardano,0.6246,0.6409,0.623,0.6343,59384501.9,0.6343
2025-10-19 05:30:00,Cardano,0.6342,0.6652,0.6225,0.6528,109620437.0,0.6528
2025-10-20 05:30:00,Cardano,0.6527,0.676,0.6391,0.6625,144735122.7,0.6625
2025-10-21 05:30:00,Cardano,0.6626,0.6855,0.6369,0.6428,154145939.3,0.6428
2025-10-22 05:30:00,Cardano,0.6428,0.6468,0.6061,0.6238,155613632.5,0.6238
2025-10-23 05:30:00,Cardano,0.6238,0.654,0.6227,0.6428,93548863.2,0.6428
2025-10-24 05:30:00,Cardano,0.6429,0.6643,0.6387,0.656,99367742.5,0.656
2025-10-25 05:30:00,Cardano,0.6559,0.6595,0.648,0.6542,40616598.0,0.6542
2025-10-26 05:30:00,Cardano,0.6542,0.6884,0.6466,0.6812,92318117.5,0.6812
2025-10-27 05:30:00,Cardano,0.6812,0.6938,0.6634,0.667,95122618.6,0.667
2025-10-28 05:30:00,Cardano,0.6669,0.6755,0.6359,0.6459,116651079.9,0.6459
2025-10-29 05:30:00,Cardano,0.6459,0.6604,0.6252,0.6401,139267473.1,0.6401
2025-10-30 05:30:00,Cardano,0.6401,0.6486,0.5864,0.6016,164661705.0,0.6016
2025-10-31 05:30:00,Cardano,0.6016,0.62,0.5978,0.6091,99474430.0,0.6091
2025-11-01 05:30:00,Cardano,0.6091,0.6178,0.6033,0.6128,44683725.3,0.6128
2025-11-02 05:30:00,Cardano,0.6129,0.6189,0.5922,0.6106,53815345.4,0.6106
2025-11-03 05:30:00,Cardano,0.6105,0.6122,0.5259,0.5528,237564733.8,0.5528
2025-11-04 05:30:00,Cardano,0.5529,0.5633,0.4898,0.5208,336980946.9,0.5208
2025-11-05 05:30:00,Cardano,0.5208,0.5503,0.4947,0.5453,165359661.8,0.5453
2025-11-06 05:30:00,Cardano,0.5453,0.5456,0.5168,0.5318,121971447.1,0.5318
2025-11-07 05:30:00,Cardano,0.5319,0.5863,0.5196,0.5763,194941325.4,0.5763
2025-11-08 05:30:00,Cardano,0.5763,0.5932,0.5539,0.5688,99118952.0,0.5688
2025-11-09 05:30:00,Cardano,0.5688,0.5844,0.5478,0.579,91372351.7,0.579
2025-11-10 05:30:00,Cardano,0.5789,0.6031,0.5737,0.5928,102827832.8,0.5928
2025-11-11 05:30:00,Cardano,0.5929,0.6069,0.5535,0.5564,115705244.7,0.5564
2025-11-12 05:30:00,Cardano,0.5565,0.5809,0.5394,0.5458,99390469.3,0.5458
2025-11-13 05:30:00,Cardano,0.5457,0.5716,0.5144,0.5298,149664298.1,0.5298
2025-11-14 05:30:00,Cardano,0.5298,0.5336,0.4901,0.4984,190803666.2,0.4984
2025-11-15 05:30:00,Cardano,0.4984,0.5154,0.4979,0.5036,109102128.6,0.5036
2025-11-16 05:30:00,Cardano,0.5035,0.5093,0.4735,0.4845,174030140.6,0.4845
2025-11-17 05:30:00,Cardano,0.4845,0.4997,0.4576,0.4663,224051283.6,0.4663
2025-11-18 05:30:00,Cardano,0.4664,0.4823,0.4562,0.4752,195617142.5,0.4752
2025-11-19 05:30:00,Cardano,0.4752,0.4775,0.4381,0.464,189011037.1,0.464
2025-11-20 05:30:00,Cardano,0.464,0.4722,0.4288,0.4324,181640032.0,0.4324
2025-11-21 05:30:00,Cardano,0.4323,0.4397,0.3876,0.4091,451803309.8,0.4091
2025-11-22 05:30:00,Cardano,0.4091,0.4132,0.3907,0.4046,98873706.6,0.4046
2025-11-23 05:30:00,Cardano,0.4045,0.4185,0.4016,0.4085,112961442.4,0.4085
2025-11-24 05:30:00,Cardano,0.4085,0.4342,0.402,0.4276,156866959.4,0.4276
2025-11-25 05:30:00,Cardano,0.4276,0.4291,0.4046,0.4218,116535814.5,0.4218
2025-11-26 05:30:00,Cardano,0.4219,0.4373,0.4104,0.4356,94689425.9,0.4356
2025-11-27 05:30:00,Cardano,0.4357,0.439,0.4265,0.4331,69670175.5,0.4331
2025-11-28 05:30:00,Cardano,0.433,0.4371,0.4148,0.4199,102762431.4,0.4199
2025-11-29 05:30:00,Cardano,0.42,0.422,0.4114,0.4147,51363457.3,0.4147
2025-11-30 05:30:00,Cardano,0.4147,0.4274,0.4135,0.4143,62005649.0,0.4143
2025-12-01 05:30:00,Cardano,0.4142,0.4158,0.3707,0.3856,209371176.8,0.3856
2025-12-02 05:30:00,Cardano,0.3856,0.439,0.3848,0.4335,160318643.2,0.4335
2025-12-03 05:30:00,Cardano,0.4335,0.4541,0.4265,0.4499,130407203.4,0.4499
2025-12-04 05:30:00,Cardano,0.45,0.4558,0.4346,0.4394,103549487.3,0.4394
2025-12-05 05:30:00,Cardano,0.4394,0.4429,0.4091,0.4157,97619818.2,0.4157
2025-12-06 05:30:00,Cardano,0.4156,0.4213,0.4099,0.4138,47479004.2,0.4138
2025-12-07 05:30:00,Cardano,0.4138,0.435,0.4057,0.4173,104457360.3,0.4173
2025-12-08 05:30:00,Cardano,0.4174,0.4414,0.4144,0.4328,105431201.3,0.4328
2025-12-09 05:30:00,Cardano,0.4328,0.4842,0.4239,0.4697,256310735.2,0.4697
2025-12-10 05:30:00,Cardano,0.4697,0.4761,0.4522,0.4536,188573523.4,0.4536
2025-12-11 05:30:00,Cardano,0.4536,0.455,0.4093,0.4255,255024361.1,0.4255
2025-12-12 05:30:00,Cardano,0.4255,0.4293,0.4035,0.4091,145597966.3,0.4091
2025-12-13 05:30:00,Cardano,0.409,0.4157,0.4061,0.4105,43464503.1,0.4105
2025-12-14 05:30:00,Cardano,0.4106,0.4116,0.3915,0.3963,93578123.8,0.3963
2025-12-15 05:30:00,Cardano,0.3963,0.4077,0.3773,0.3882,116687959.6,0.3882
2025-12-16 05:30:00,Cardano,0.3882,0.3916,0.3775,0.3859,94171731.2,0.3859
2025-12-17 05:30:00,Cardano,0.3859,0.4001,0.3639,0.3673,134900622.2,0.3673
2025-12-18 05:30:00,Cardano,0.3673,0.3794,0.3468,0.3514,154461800.5,0.3514
2025-12-19 05:30:00,Cardano,0.3513,0.3809,0.3466,0.3767,111249233.9,0.3767
2025-12-20 05:30:00,Cardano,0.3767,0.3806,0.3723,0.373,45059247.6,0.373
2025-12-21 05:30:00,Cardano,0.3731,0.3747,0.3576,0.3662,80041766.8,0.3662
2025-12-22 05:30:00,Cardano,0.3662,0.3822,0.3619,0.3711,115017172.4,0.3711
2025-12-23 05:30:00,Cardano,0.3712,0.3744,0.3552,0.3628,87389611.9,0.3628
2025-12-24 05:30:00,Cardano,0.3629,0.3652,0.3523,0.3566,80682772.1,0.3566
2025-12-25 05:30:00,Cardano,0.3566,0.3614,0.3393,0.3434,117381757.3,0.3434
2025-12-26 05:30:00,Cardano,0.3434,0.3584,0.3418,0.3496,118134191.4,0.3496
2025-12-27 05:30:00,Cardano,0.3496,0.3711,0.3488,0.37,74514742.1,0.37
2025-12-28 05:30:00,Cardano,0.3699,0.3771,0.3614,0.3688,89973452.1,0.3688
2025-12-29 05:30:00,Cardano,0.3689,0.3847,0.3506,0.3532,153538418.7,0.3532
2025-12-30 05:30:00,Cardano,0.3531,0.3568,0.3481,0.3514,95781881.0,0.3514
2025-12-31 05:30:00,Cardano,0.3513,0.3538,0.3294,0.3335,132046715.5,0.3335
2026-01-01 05:30:00,Cardano,0.3336,0.361,0.332,0.3565,105331508.2,0.3565
2026-01-02 05:30:00,Cardano,0.3565,0.3963,0.3544,0.3949,213113134.6,0.3949
2026-01-03 05:30:00,Cardano,0.3949,0.3992,0.3826,0.3893,98584928.3,0.3893
2026-01-04 05:30:00,Cardano,0.3893,0.4055,0.3887,0.4007,120743425.5,0.4007
2026-01-05 05:30:00,Cardano,0.4006,0.425,0.3939,0.4211,181780250.1,0.4211
2026-01-06 05:30:00,Cardano,0.4211,0.4374,0.4011,0.4194,188828806.9,0.4194
2026-01-07 05:30:00,Cardano,0.4194,0.4228,0.3976,0.4022,96467278.0,0.4022
2026-01-08 05:30:00,Cardano,0.4023,0.4049,0.3849,0.3956,113377671.4,0.3956
2026-01-09 05:30:00,Cardano,0.3957,0.4052,0.3874,0.3914,84580864.7,0.3914
2026-01-10 05:30:00,Cardano,0.3914,0.3925,0.3846,0.3886,37390635.7,0.3886
2026-01-11 05:30:00,Cardano,0.3886,0.3972,0.3839,0.391,71303670.7,0.391
2026-01-12 05:30:00,Cardano,0.391,0.4036,0.3815,0.3862,130152762.6,0.3862
2026-01-13 05:30:00,Cardano,0.3862,0.4267,0.385,0.4218,161630853.6,0.4218
2026-01-14 05:30:00,Cardano,0.4219,0.4273,0.4097,0.4143,148337662.9,0.4143
2026-01-15 05:30:00,Cardano,0.4144,0.4144,0.3891,0.3936,137830356.8,0.3936
2026-01-16 05:30:00,Cardano,0.3937,0.3987,0.3788,0.3955,104596038.2,0.3955
2026-01-17 05:30:00,Cardano,0.3956,0.4042,0.3935,0.3973,50553374.0,0.3973
2026-01-18 05:30:00,Cardano,0.3973,0.3988,0.3747,0.3758,79257525.2,0.3758
2026-01-19 05:30:00,Cardano,0.3757,0.3757,0.3421,0.3703,259117950.3,0.3703
2026-01-20 05:30:00,Cardano,0.3703,0.3706,0.3467,0.3507,175909563.5,0.3507
2026-01-21 05:30:00,Cardano,0.3506,0.3739,0.3466,0.3659,147138456.5,0.3659
2026-01-22 05:30:00,Cardano,0.366,0.369,0.3554,0.3594,71544610.9,0.3594
2026-01-23 05:30:00,Cardano,0.3594,0.3707,0.3525,0.3602,75367610.2,0.3602
2026-01-24 05:30:00,Cardano,0.3603,0.3625,0.3564,0.3583,26339863.7,0.3583
2026-01-25 05:30:00,Cardano,0.3583,0.3603,0.3327,0.3391,113052719.9,0.3391
2026-01-26 05:30:00,Cardano,0.339,0.3584,0.3388,0.3521,92774867.3,0.3521
2026-01-27 05:30:00,Cardano,0.3521,0.3636,0.3476,0.3608,97654476.3,0.3608
2026-01-28 05:30:00,Cardano,0.3607,0.365,0.3546,0.3583,90291773.3,0.3583
2026-01-29 05:30:00,Cardano,0.3583,0.3592,0.3272,0.3347,144899415.3,0.3347
2026-01-30 05:30:00,Cardano,0.3346,0.3359,0.3161,0.3208,174442171.4,0.3208
2026-01-31 05:30:00,Cardano,0.3208,0.3224,0.2685,0.2936,435875676.7,0.2936
2026-02-01 05:30:00,Cardano,0.2937,0.2992,0.279,0.2858,183603922.4,0.2858
2026-02-02 05:30:00,Cardano,0.2859,0.3034,0.2757,0.2991,218106614.9,0.2991
2026-02-03 05:30:00,Cardano,0.2991,0.305,0.2817,0.2917,178853176.9,0.2917
2026-02-04 05:30:00,Cardano,0.2917,0.3027,0.2803,0.2864,171757424.1,0.2864
2026-02-05 05:30:00,Cardano,0.2864,0.2899,0.2436,0.2455,468424079.2,0.2455
2026-02-06 05:30:00,Cardano,0.2455,0.2843,0.2205,0.2762,683935774.3,0.2762
2026-02-07 05:30:00,Cardano,0.2761,0.2798,0.2656,0.2721,472274318.2,0.2721
2026-02-08 05:30:00,Cardano,0.2722,0.2766,0.267,0.2701,266592420.2,0.2701
2026-02-09 05:30:00,Cardano,0.2701,0.274,0.2596,0.2699,167317249.6,0.2699
2026-02-10 05:30:00,Cardano,0.27,0.2705,0.2597,0.262,93925925.1,0.262
2026-02-11 05:30:00,Cardano,0.2619,0.2648,0.2504,0.2559,104876034.0,0.2559
2026-02-12 05:30:00,Cardano,0.2559,0.2696,0.2559,0.2643,111146004.7,0.2643
2026-02-13 05:30:00,Cardano,0.2643,0.2747,0.2582,0.2728,101650803.2,0.2728
2026-02-14 05:30:00,Cardano,0.2729,0.3007,0.2727,0.295,111883698.3,0.295
2026-02-15 05:30:00,Cardano,0.2949,0.302,0.2775,0.2818,145050167.4,0.2818
2026-02-16 05:30:00,Cardano,0.2818,0.2892,0.2769,0.2858,77055678.7,0.2858
2026-02-17 05:30:00,Cardano,0.2859,0.2899,0.2773,0.2811,75061039.2,0.2811
2026-02-18 05:30:00,Cardano,0.2811,0.2874,0.2714,0.2735,80666064.4,0.2735
2026-02-19 05:30:00,Cardano,0.2735,0.2774,0.267,0.2729,77148345.8,0.2729
2026-02-20 05:30:00,Cardano,0.273,0.2938,0.2699,0.2849,122779232.8,0.2849
2026-02-21 05:30:00,Cardano,0.2849,0.2865,0.279,0.28,50536615.3,0.28
2026-02-22 05:30:00,Cardano,0.2799,0.2802,0.2688,0.2717,50269610.6,0.2717
2026-02-23 05:30:00,Cardano,0.2717,0.2755,0.2571,0.2623,124604795.7,0.2623
2026-02-24 05:30:00,Cardano,0.2623,0.2646,0.2536,0.2587,92728975.2,0.2587
2026-02-25 05:30:00,Cardano,0.2587,0.3136,0.2579,0.2971,327144352.4,0.2971
2026-02-26 05:30:00,Cardano,0.2971,0.301,0.2822,0.287,163971345.3,0.287
2026-02-27 05:30:00,Cardano,0.287,0.2963,0.2726,0.2776,106326378.8,0.2776
2026-02-28 05:30:00,Cardano,0.2776,0.2843,0.2594,0.281,194232341.4,0.281
2026-03-01 05:30:00,Cardano,0.281,0.2922,0.2691,0.2735,150933797.8,0.2735
2026-03-02 05:30:00,Cardano,0.2735,0.2887,0.2685,0.2771,148447901.5,0.2771
2026-03-03 05:30:00,Cardano,0.2771,0.2771,0.2604,0.2625,202430461.2,0.2625
2026-03-04 05:30:00,Cardano,0.2626,0.285,0.2584,0.2763,296011815.1,0.2763
2026-03-05 05:30:00,Cardano,0.2763,0.278,0.2651,0.2692,147095502.8,0.2692
2026-03-06 05:30:00,Cardano,0.2691,0.272,0.2555,0.259,131627808.6,0.259
2026-03-07 05:30:00,Cardano,0.259,0.261,0.2517,0.2544,98383927.6,0.2544
2026-03-08 05:30:00,Cardano,0.2545,0.2574,0.2458,0.2493,112913739.4,0.2493
2026-03-09 05:30:00,Cardano,0.2493,0.2629,0.2489,0.2552,138499675.5,0.2552
2026-03-10 05:30:00,Cardano,0.2551,0.2739,0.255,0.2621,189954647.3,0.2621
2026-03-11 05:30:00,Cardano,0.262,0.2679,0.2566,0.2626,148385303.3,0.2626
2026-03-12 05:30:00,Cardano,0.2626,0.2631,0.258,0.2614,22415038.0,0.2614
2025-03-13 05:30:00,Dogecoin,0.17244,0.17296,0.16172,0.16523,1183113846.0,0.16523
2025-03-14 05:30:00,Dogecoin,0.16523,0.17626,0.16462,0.17194,662459642.0,0.17194
2025-03-15 05:30:00,Dogecoin,0.17194,0.17786,0.17121,0.17594,510568333.0,0.17594
2025-03-16 05:30:00,Dogecoin,0.17593,0.17685,0.1657,0.16817,713266750.0,0.16817
2025-03-17 05:30:00,Dogecoin,0.16818,0.17622,0.16801,0.17332,802099247.0,0.17332
2025-03-18 05:30:00,Dogecoin,0.17333,0.17349,0.16275,0.16802,825836400.0,0.16802
2025-03-19 05:30:00,Dogecoin,0.16803,0.1788,0.16678,0.17799,913703807.0,0.17799
2025-03-20 05:30:00,Dogecoin,0.178,0.17919,0.16661,0.16949,657314712.0,0.16949
2025-03-21 05:30:00,Dogecoin,0.16948,0.17158,0.16468,0.16727,465398702.0,0.16727
2025-03-22 05:30:00,Dogecoin,0.16727,0.16979,0.16658,0.16737,237045465.0,0.16737
2025-03-23 05:30:00,Dogecoin,0.16737,0.17261,0.16705,0.1726,381282237.0,0.1726
2025-03-24 05:30:00,Dogecoin,0.17261,0.18908,0.17068,0.183,1264505768.0,0.183
2025-03-25 05:30:00,Dogecoin,0.18299,0.19362,0.18084,0.19062,1233894825.0,0.19062
2025-03-26 05:30:00,Dogecoin,0.19063,0.20585,0.18932,0.1949,1885520558.0,0.1949
2025-03-27 05:30:00,Dogecoin,0.1949,0.2006,0.18771,0.19046,903542797.0,0.19046
2025-03-28 05:30:00,Dogecoin,0.19047,0.1929,0.17721,0.18024,975276199.0,0.18024
2025-03-29 05:30:00,Dogecoin,0.18024,0.18273,0.16584,0.16957,857181238.0,0.16957
2025-03-30 05:30:00,Dogecoin,0.16958,0.17241,0.16443,0.16652,607090738.0,0.16652
2025-03-31 05:30:00,Dogecoin,0.16653,0.16839,0.16005,0.16666,929917187.0,0.16666
2025-04-01 05:30:00,Dogecoin,0.16666,0.17576,0.16601,0.17398,716923564.0,0.17398
2025-04-02 05:30:00,Dogecoin,0.17399,0.18012,0.16194,0.16383,1414422439.0,0.16383
2025-04-03 05:30:00,Dogecoin,0.16383,0.16745,0.15536,0.16231,922293098.0,0.16231
2025-04-04 05:30:00,Dogecoin,0.16232,0.17282,0.15998,0.17128,1132035281.0,0.17128
2025-04-05 05:30:00,Dogecoin,0.17128,0.17169,0.16609,0.16898,353029433.0,0.16898
2025-04-06 05:30:00,Dogecoin,0.16898,0.17004,0.14582,0.14927,1124972687.0,0.14927
2025-04-07 05:30:00,Dogecoin,0.14927,0.15407,0.12986,0.14958,3431459634.0,0.14958
2025-04-08 05:30:00,Dogecoin,0.14958,0.15707,0.1411,0.14225,1470208676.0,0.14225
2025-04-09 05:30:00,Dogecoin,0.14225,0.16428,0.13651,0.16031,2200425502.0,0.16031
2025-04-10 05:30:00,Dogecoin,0.1603,0.16047,0.14884,0.15357,1151531192.0,0.15357
2025-04-11 05:30:00,Dogecoin,0.15356,0.16246,0.15327,0.16004,744302757.0,0.16004
2025-04-12 05:30:00,Dogecoin,0.16003,0.16948,0.15772,0.16763,752366796.0,0.16763
2025-04-13 05:30:00,Dogecoin,0.16764,0.16868,0.16101,0.1626,748287850.0,0.1626
2025-04-14 05:30:00,Dogecoin,0.1626,0.16964,0.15731,0.15854,858750230.0,0.15854
2025-04-15 05:30:00,Dogecoin,0.15854,0.16132,0.15305,0.15356,667877689.0,0.15356
2025-04-16 05:30:00,Dogecoin,0.15356,0.1574,0.15019,0.15471,719893202.0,0.15471
2025-04-17 05:30:00,Dogecoin,0.15472,0.15946,0.15298,0.15588,426813393.0,0.15588
2025-04-18 05:30:00,Dogecoin,0.15589,0.15895,0.15357,0.15759,321695365.0,0.15759
2025-04-19 05:30:00,Dogecoin,0.15758,0.16091,0.15631,0.15735,321661103.0,0.15735
2025-04-20 05:30:00,Dogecoin,0.15735,0.15959,0.15247,0.15526,453228413.0,0.15526
2025-04-21 05:30:00,Dogecoin,0.15527,0.16358,0.15501,0.15939,905017272.0,0.15939
2025-04-22 05:30:00,Dogecoin,0.15939,0.18,0.15721,0.17863,1468003087.0,0.17863
2025-04-23 05:30:00,Dogecoin,0.17864,0.18545,0.17491,0.17864,1570151007.0,0.17864
2025-04-24 05:30:00,Dogecoin,0.17864,0.18329,0.16979,0.18254,1206412265.0,0.18254
2025-04-25 05:30:00,Dogecoin,0.18254,0.18626,0.17751,0.18159,1241346217.0,0.18159
2025-04-26 05:30:00,Dogecoin,0.18159,0.193,0.18015,0.18192,1134910916.0,0.18192
2025-04-27 05:30:00,Dogecoin,0.18193,0.1835,0.1765,0.17933,766716256.0,0.17933
2025-04-28 05:30:00,Dogecoin,0.17932,0.18276,0.17377,0.17907,971304947.0,0.17907
2025-04-29 05:30:00,Dogecoin,0.17908,0.18076,0.17242,0.17466,772423589.0,0.17466
2025-04-30 05:30:00,Dogecoin,0.17465,0.17665,0.16675,0.17224,784175476.0,0.17224
2025-05-01 05:30:00,Dogecoin,0.17224,0.18339,0.17205,0.18065,779064123.0,0.18065
2025-05-02 05:30:00,Dogecoin,0.18065,0.18447,0.17919,0.18151,638500248.0,0.18151
2025-05-03 05:30:00,Dogecoin,0.18151,0.1822,0.17526,0.17564,468278461.0,0.17564
2025-05-04 05:30:00,Dogecoin,0.17565,0.17744,0.1699,0.17049,487770520.0,0.17049
2025-05-05 05:30:00,Dogecoin,0.17048,0.17465,0.16827,0.17062,487205270.0,0.17062
2025-05-06 05:30:00,Dogecoin,0.17062,0.1726,0.16426,0.17219,596670817.0,0.17219
2025-05-07 05:30:00,Dogecoin,0.1722,0.17445,0.16901,0.17202,528808392.0,0.17202
2025-05-08 05:30:00,Dogecoin,0.17201,0.19842,0.17173,0.19817,1741876403.0,0.19817
2025-05-09 05:30:00,Dogecoin,0.19818,0.2145,0.19299,0.2053,2079031356.0,0.2053
2025-05-10 05:30:00,Dogecoin,0.2053,0.25098,0.20336,0.25063,2356324644.0,0.25063
2025-05-11 05:30:00,Dogecoin,0.25062,0.2597,0.22211,0.23181,2657615086.0,0.23181
2025-05-12 05:30:00,Dogecoin,0.23181,0.25341,0.22011,0.23101,3356354027.0,0.23101
2025-05-13 05:30:00,Dogecoin,0.23102,0.24309,0.21736,0.24078,1894212060.0,0.24078
2025-05-14 05:30:00,Dogecoin,0.24078,0.24759,0.22813,0.23278,1349205954.0,0.23278
2025-05-15 05:30:00,Dogecoin,0.23279,0.23676,0.21374,0.21939,1613975945.0,0.21939
2025-05-16 05:30:00,Dogecoin,0.2194,0.23095,0.21797,0.22111,991509008.0,0.22111
2025-05-17 05:30:00,Dogecoin,0.22111,0.22225,0.21074,0.21457,867614251.0,0.21457
2025-05-18 05:30:00,Dogecoin,0.21458,0.23779,0.21402,0.23304,1589243100.0,0.23304
2025-05-19 05:30:00,Dogecoin,0.23309,0.23581,0.21388,0.22445,1467077135.0,0.22445
2025-05-20 05:30:00,Dogecoin,0.22446,0.2308,0.21768,0.22625,1188057201.0,0.22625
2025-05-21 05:30:00,Dogecoin,0.22626,0.23813,0.22266,0.23404,1894442857.0,0.23404
2025-05-22 05:30:00,Dogecoin,0.23404,0.24579,0.23383,0.24558,1616956272.0,0.24558
2025-05-23 05:30:00,Dogecoin,0.24559,0.25441,0.22304,0.22521,2250495384.0,0.22521
2025-05-24 05:30:00,Dogecoin,0.22521,0.23041,0.22355,0.22512,689220139.0,0.22512
2025-05-25 05:30:00,Dogecoin,0.22512,0.22645,0.21567,0.22491,909550724.0,0.22491
2025-05-26 05:30:00,Dogecoin,0.22491,0.23036,0.2225,0.22596,641865425.0,0.22596
2025-05-27 05:30:00,Dogecoin,0.22596,0.23216,0.21965,0.22598,805405021.0,0.22598
2025-05-28 05:30:00,Dogecoin,0.22599,0.22785,0.21678,0.22096,681513510.0,0.22096
2025-05-29 05:30:00,Dogecoin,0.22096,0.22798,0.21402,0.21487,903435947.0,0.21487
2025-05-30 05:30:00,Dogecoin,0.21487,0.21648,0.19061,0.19357,1863217282.0,0.19357
2025-05-31 05:30:00,Dogecoin,0.19358,0.19551,0.18555,0.19251,1086259533.0,0.19251
2025-06-01 05:30:00,Dogecoin,0.19251,0.19485,0.1864,0.19363,544186058.0,0.19363
2025-06-02 05:30:00,Dogecoin,0.19364,0.19642,0.18846,0.19507,602359395.0,0.19507
2025-06-03 05:30:00,Dogecoin,0.19507,0.20051,0.19141,0.19311,712519938.0,0.19311
2025-06-04 05:30:00,Dogecoin,0.19311,0.19705,0.18703,0.18812,462365003.0,0.18812
2025-06-05 05:30:00,Dogecoin,0.18811,0.19248,0.168,0.17105,1346305437.0,0.17105
2025-06-06 05:30:00,Dogecoin,0.17106,0.18446,0.16943,0.17878,1096946331.0,0.17878
2025-06-07 05:30:00,Dogecoin,0.17878,0.1887,0.17776,0.18511,579947806.0,0.18511
2025-06-08 05:30:00,Dogecoin,0.1851,0.18699,0.18046,0.18418,475018993.0,0.18418
2025-06-09 05:30:00,Dogecoin,0.18417,0.19612,0.18022,0.1949,861702676.0,0.1949
2025-06-10 05:30:00,Dogecoin,0.1949,0.19876,0.1888,0.1985,982365029.0,0.1985
2025-06-11 05:30:00,Dogecoin,0.19851,0.20672,0.19125,0.19294,1122709648.0,0.19294
2025-06-12 05:30:00,Dogecoin,0.19294,0.19368,0.18,0.1811,932640491.0,0.1811
2025-06-13 05:30:00,Dogecoin,0.18111,0.18148,0.16987,0.1804,1429961655.0,0.1804
2025-06-14 05:30:00,Dogecoin,0.18041,0.18044,0.17459,0.17824,541713685.0,0.17824
2025-06-15 05:30:00,Dogecoin,0.17825,0.17871,0.17142,0.17553,569564407.0,0.17553
2025-06-16 05:30:00,Dogecoin,0.17554,0.18115,0.17209,0.17272,899995493.0,0.17272
2025-06-17 05:30:00,Dogecoin,0.17271,0.17612,0.16392,0.16936,902753834.0,0.16936
2025-06-18 05:30:00,Dogecoin,0.16936,0.17222,0.16405,0.17068,679592519.0,0.17068
2025-06-19 05:30:00,Dogecoin,0.17069,0.17204,0.16773,0.17092,338033103.0,0.17092
2025-06-20 05:30:00,Dogecoin,0.17091,0.17197,0.15839,0.16234,952028188.0,0.16234
2025-06-21 05:30:00,Dogecoin,0.16235,0.16436,0.15025,0.15448,693909616.0,0.15448
2025-06-22 05:30:00,Dogecoin,0.15448,0.15769,0.1427,0.15129,1801536004.0,0.15129
2025-06-23 05:30:00,Dogecoin,0.15128,0.16525,0.14861,0.16376,1060150458.0,0.16376
2025-06-24 05:30:00,Dogecoin,0.16377,0.16767,0.16167,0.16571,889346979.0,0.16571
2025-06-25 05:30:00,Dogecoin,0.16572,0.1677,0.16253,0.16459,678023426.0,0.16459
2025-06-26 05:30:00,Dogecoin,0.16458,0.16809,0.15792,0.16001,764621210.0,0.16001
2025-06-27 05:30:00,Dogecoin,0.16002,0.16307,0.15704,0.16104,436840031.0,0.16104
2025-06-28 05:30:00,Dogecoin,0.16105,0.165,0.1604,0.16363,289205475.0,0.16363
2025-06-29 05:30:00,Dogecoin,0.16362,0.17006,0.16259,0.16944,417646869.0,0.16944
2025-06-30 05:30:00,Dogecoin,0.16945,0.16993,0.16222,0.16518,654158261.0,0.16518
2025-07-01 05:30:00,Dogecoin,0.16518,0.16632,0.15674,0.15778,506350958.0,0.15778
2025-07-02 05:30:00,Dogecoin,0.15779,0.17268,0.15655,0.16869,848237954.0,0.16869
2025-07-03 05:30:00,Dogecoin,0.16868,0.17542,0.1674,0.17201,1014473641.0,0.17201
2025-07-04 05:30:00,Dogecoin,0.17201,0.17296,0.16128,0.16288,756939150.0,0.16288
2025-07-05 05:30:00,Dogecoin,0.16289,0.16507,0.1619,0.16421,292791372.0,0.16421
2025-07-06 05:30:00,Dogecoin,0.16422,0.17524,0.16313,0.17196,879979321.0,0.17196
2025-07-07 05:30:00,Dogecoin,0.17196,0.17719,0.16569,0.16792,859968572.0,0.16792
2025-07-08 05:30:00,Dogecoin,0.16793,0.172,0.16589,0.17094,560967350.0,0.17094
2025-07-09 05:30:00,Dogecoin,0.17094,0.18661,0.16991,0.18053,1188196945.0,0.18053
2025-07-10 05:30:00,Dogecoin,0.18053,0.19641,0.17874,0.19507,1146142109.0,0.19507
2025-07-11 05:30:00,Dogecoin,0.19508,0.21366,0.19115,0.20103,2460231517.0,0.20103
2025-07-12 05:30:00,Dogecoin,0.20103,0.20654,0.1919,0.19742,940327860.0,0.19742
2025-07-13 05:30:00,Dogecoin,0.19741,0.20412,0.19576,0.19855,820805906.0,0.19855
2025-07-14 05:30:00,Dogecoin,0.19855,0.21097,0.19464,0.19749,1622802447.0,0.19749
2025-07-15 05:30:00,Dogecoin,0.19748,0.19934,0.18842,0.19919,1313854511.0,0.19919
2025-07-16 05:30:00,Dogecoin,0.1992,0.22073,0.19553,0.2127,1785566132.0,0.2127
2025-07-17 05:30:00,Dogecoin,0.21269,0.22236,0.2066,0.21826,2133077927.0,0.21826
2025-07-18 05:30:00,Dogecoin,0.21826,0.2542,0.21618,0.2358,4213195060.0,0.2358
2025-07-19 05:30:00,Dogecoin,0.2358,0.25777,0.23558,0.24143,2332570036.0,0.24143
2025-07-20 05:30:00,Dogecoin,0.24142,0.2783,0.23998,0.27375,3391965164.0,0.27375
2025-07-21 05:30:00,Dogecoin,0.27375,0.2875,0.26428,0.27142,3119210733.0,0.27142
2025-07-22 05:30:00,Dogecoin,0.27142,0.27492,0.25735,0.27093,2192290786.0,0.27093
2025-07-23 05:30:00,Dogecoin,0.27094,0.27108,0.2305,0.24083,2256299182.0,0.24083
2025-07-24 05:30:00,Dogecoin,0.24078,0.24665,0.22176,0.23218,2290016087.0,0.23218
2025-07-25 05:30:00,Dogecoin,0.23219,0.23697,0.22085,0.23673,1957938127.0,0.23673
2025-07-26 05:30:00,Dogecoin,0.23673,0.24029,0.23296,0.23543,733863730.0,0.23543
2025-07-27 05:30:00,Dogecoin,0.23544,0.24372,0.23432,0.24071,1038317435.0,0.24071
2025-07-28 05:30:00,Dogecoin,0.24071,0.24859,0.22426,0.22615,1620312126.0,0.22615
2025-07-29 05:30:00,Dogecoin,0.22616,0.23276,0.21744,0.22392,1192564427.0,0.22392
2025-07-30 05:30:00,Dogecoin,0.22392,0.22655,0.209,0.21999,1217881143.0,0.21999
2025-07-31 05:30:00,Dogecoin,0.21998,0.22566,0.20814,0.20974,843884315.0,0.20974
2025-08-01 05:30:00,Dogecoin,0.20975,0.2125,0.19583,0.20097,1936437804.0,0.20097
2025-08-02 05:30:00,Dogecoin,0.20098,0.20352,0.18944,0.19098,1340154059.0,0.19098
2025-08-03 05:30:00,Dogecoin,0.19098,0.20047,0.18845,0.19876,743628957.0,0.19876
2025-08-04 05:30:00,Dogecoin,0.19875,0.21127,0.1985,0.21039,1016575695.0,0.21039
2025-08-05 05:30:00,Dogecoin,0.21038,0.21106,0.19602,0.19981,844023791.0,0.19981
2025-08-06 05:30:00,Dogecoin,0.19982,0.20716,0.1956,0.20524,624926690.0,0.20524
2025-08-07 05:30:00,Dogecoin,0.20525,0.22304,0.20331,0.22228,1122885382.0,0.22228
2025-08-08 05:30:00,Dogecoin,0.22228,0.23254,0.21953,0.23039,1206447226.0,0.23039
2025-08-09 05:30:00,Dogecoin,0.23039,0.24676,0.22972,0.23995,1460081482.0,0.23995
2025-08-10 05:30:00,Dogecoin,0.23995,0.24348,0.22941,0.23385,1100909731.0,0.23385
2025-08-11 05:30:00,Dogecoin,0.23385,0.24179,0.22117,0.22207,1438550271.0,0.22207
2025-08-12 05:30:00,Dogecoin,0.22208,0.23835,0.21865,0.23582,1379181817.0,0.23582
2025-08-13 05:30:00,Dogecoin,0.23582,0.25058,0.23132,0.24482,2104113623.0,0.24482
2025-08-14 05:30:00,Dogecoin,0.24483,0.25574,0.21578,0.22382,3238378909.0,0.22382
2025-08-15 05:30:00,Dogecoin,0.22381,0.23299,0.22006,0.22886,1696292315.0,0.22886
2025-08-16 05:30:00,Dogecoin,0.22885,0.23622,0.22522,0.23115,1061437464.0,0.23115
2025-08-17 05:30:00,Dogecoin,0.23115,0.24259,0.22835,0.23456,1209978791.0,0.23456
2025-08-18 05:30:00,Dogecoin,0.23457,0.23553,0.21992,0.22262,1827107692.0,0.22262
2025-08-19 05:30:00,Dogecoin,0.22262,0.22567,0.20869,0.20943,1798094261.0,0.20943
2025-08-20 05:30:00,Dogecoin,0.20944,0.22287,0.20747,0.22169,2102107149.0,0.22169
2025-08-21 05:30:00,Dogecoin,0.22168,0.2245,0.21388,0.21473,983634414.0,0.21473
2025-08-22 05:30:00,Dogecoin,0.21473,0.24222,0.20828,0.24054,2470614941.0,0.24054
2025-08-23 05:30:00,Dogecoin,0.24054,0.2409,0.22902,0.23631,1383693143.0,0.23631
2025-08-24 05:30:00,Dogecoin,0.23631,0.24496,0.22761,0.23182,1758616432.0,0.23182
2025-08-25 05:30:00,Dogecoin,0.23182,0.23459,0.20585,0.20965,2157373271.0,0.20965
2025-08-26 05:30:00,Dogecoin,0.20965,0.21999,0.20711,0.21839,1261490195.0,0.21839
2025-08-27 05:30:00,Dogecoin,0.21839,0.22388,0.21606,0.21892,1293545133.0,0.21892
2025-08-28 05:30:00,Dogecoin,0.21891,0.22597,0.21668,0.22437,958072860.0,0.22437
2025-08-29 05:30:00,Dogecoin,0.22438,0.22539,0.20977,0.21391,1424776798.0,0.21391
2025-08-30 05:30:00,Dogecoin,0.21391,0.21885,0.21126,0.21595,538763691.0,0.21595
2025-08-31 05:30:00,Dogecoin,0.21595,0.22134,0.21327,0.21371,490963065.0,0.21371
2025-09-01 05:30:00,Dogecoin,0.21371,0.21988,0.20476,0.21073,1522561758.0,0.21073
2025-09-02 05:30:00,Dogecoin,0.21074,0.21557,0.20658,0.21489,1031360496.0,0.21489
2025-09-03 05:30:00,Dogecoin,0.21489,0.22351,0.21249,0.2203,824904593.0,0.2203
2025-09-04 05:30:00,Dogecoin,0.2203,0.22111,0.21047,0.21241,689472854.0,0.21241
2025-09-05 05:30:00,Dogecoin,0.21241,0.22097,0.21182,0.21788,1176623712.0,0.21788
2025-09-06 05:30:00,Dogecoin,0.21788,0.21888,0.21225,0.21595,482954635.0,0.21595
2025-09-07 05:30:00,Dogecoin,0.21595,0.22926,0.21568,0.22877,882527071.0,0.22877
2025-09-08 05:30:00,Dogecoin,0.22876,0.24413,0.22653,0.24164,1683689246.0,0.24164
2025-09-09 05:30:00,Dogecoin,0.24165,0.24952,0.23359,0.24063,1932725888.0,0.24063
2025-09-10 05:30:00,Dogecoin,0.24063,0.24868,0.23618,0.24536,1344178632.0,0.24536
2025-09-11 05:30:00,Dogecoin,0.24535,0.25699,0.24228,0.25603,1760794865.0,0.25603
2025-09-12 05:30:00,Dogecoin,0.25604,0.2786,0.25481,0.2755,2082678041.0,0.2755
2025-09-13 05:30:00,Dogecoin,0.2755,0.30684,0.27266,0.28938,4015592199.0,0.28938
2025-09-14 05:30:00,Dogecoin,0.28937,0.2951,0.2727,0.27796,2428234193.0,0.27796
2025-09-15 05:30:00,Dogecoin,0.27795,0.28205,0.25862,0.26831,2516149434.0,0.26831
2025-09-16 05:30:00,Dogecoin,0.2683,0.27204,0.257,0.26995,1849895166.0,0.26995
2025-09-17 05:30:00,Dogecoin,0.26994,0.28384,0.26045,0.28256,2009871469.0,0.28256
2025-09-18 05:30:00,Dogecoin,0.28257,0.28879,0.27559,0.27857,1751271695.0,0.27857
2025-09-19 05:30:00,Dogecoin,0.27856,0.28492,0.26312,0.26527,1436428172.0,0.26527
2025-09-20 05:30:00,Dogecoin,0.26526,0.26947,0.263,0.26759,710812856.0,0.26759
2025-09-21 05:30:00,Dogecoin,0.26758,0.26965,0.26031,0.26074,710044749.0,0.26074
2025-09-22 05:30:00,Dogecoin,0.26074,0.26239,0.23067,0.24122,2981639624.0,0.24122
2025-09-23 05:30:00,Dogecoin,0.24123,0.24389,0.23402,0.23709,1428526604.0,0.23709
2025-09-24 05:30:00,Dogecoin,0.23709,0.25057,0.23098,0.24107,1685738370.0,0.24107
2025-09-25 05:30:00,Dogecoin,0.24107,0.24197,0.22046,0.22292,2241106701.0,0.22292
2025-09-26 05:30:00,Dogecoin,0.22292,0.23331,0.22134,0.23244,1426204065.0,0.23244
2025-09-27 05:30:00,Dogecoin,0.23244,0.23431,0.2278,0.23077,566664585.0,0.23077
2025-09-28 05:30:00,Dogecoin,0.23077,0.23768,0.225,0.23735,630215145.0,0.23735
2025-09-29 05:30:00,Dogecoin,0.23735,0.23896,0.22862,0.23478,968604652.0,0.23478
2025-09-30 05:30:00,Dogecoin,0.23478,0.23592,0.2263,0.23293,761018697.0,0.23293
2025-10-01 05:30:00,Dogecoin,0.23294,0.24921,0.23034,0.24906,1175210733.0,0.24906
2025-10-02 05:30:00,Dogecoin,0.24906,0.26414,0.2467,0.262,1386592793.0,0.262
2025-10-03 05:30:00,Dogecoin,0.26201,0.26534,0.25274,0.25819,1381551315.0,0.25819
2025-10-04 05:30:00,Dogecoin,0.25819,0.25979,0.2467,0.25084,885524209.0,0.25084
2025-10-05 05:30:00,Dogecoin,0.25085,0.26518,0.24953,0.25284,1454155392.0,0.25284
2025-10-06 05:30:00,Dogecoin,0.25283,0.27044,0.25057,0.26603,1517510251.0,0.26603
2025-10-07 05:30:00,Dogecoin,0.26604,0.26831,0.24622,0.24682,1838407762.0,0.24682
2025-10-08 05:30:00,Dogecoin,0.24681,0.2611,0.24291,0.25564,1276623512.0,0.25564
2025-10-09 05:30:00,Dogecoin,0.25565,0.25593,0.24099,0.24849,1415402413.0,0.24849
2025-10-10 05:30:00,Dogecoin,0.2485,0.25403,0.095,0.19349,6030550997.0,0.19349
2025-10-11 05:30:00,Dogecoin,0.19348,0.20048,0.17816,0.18527,4960779079.0,0.18527
2025-10-12 05:30:00,Dogecoin,0.18527,0.21421,0.18072,0.20717,3290490159.0,0.20717
2025-10-13 05:30:00,Dogecoin,0.20717,0.2183,0.20188,0.2138,2645862967.0,0.2138
2025-10-14 05:30:00,Dogecoin,0.2138,0.21565,0.1933,0.20437,2781575747.0,0.20437
2025-10-15 05:30:00,Dogecoin,0.20436,0.20853,0.1942,0.19621,1356303348.0,0.19621
2025-10-16 05:30:00,Dogecoin,0.19621,0.2015,0.18469,0.1885,1903922965.0,0.1885
2025-10-17 05:30:00,Dogecoin,0.1885,0.19114,0.17555,0.1847,1800990961.0,0.1847
2025-10-18 05:30:00,Dogecoin,0.18471,0.19057,0.18426,0.18962,586500546.0,0.18962
2025-10-19 05:30:00,Dogecoin,0.18961,0.19861,0.186,0.19535,1044321198.0,0.19535
2025-10-20 05:30:00,Dogecoin,0.19534,0.20249,0.19168,0.2,1140819006.0,0.2
2025-10-21 05:30:00,Dogecoin,0.2,0.20563,0.19201,0.19427,1456441398.0,0.19427
2025-10-22 05:30:00,Dogecoin,0.19427,0.19544,0.18467,0.18993,1335843365.0,0.18993
2025-10-23 05:30:00,Dogecoin,0.18993,0.19745,0.18959,0.19493,940124512.0,0.19493
2025-10-24 05:30:00,Dogecoin,0.19492,0.20095,0.19391,0.19775,762978840.0,0.19775
2025-10-25 05:30:00,Dogecoin,0.19774,0.19985,0.19595,0.19652,680294016.0,0.19652
2025-10-26 05:30:00,Dogecoin,0.19651,0.20742,0.19465,0.20577,909622908.0,0.20577
2025-10-27 05:30:00,Dogecoin,0.20577,0.20953,0.19887,0.20038,1010297382.0,0.20038
2025-10-28 05:30:00,Dogecoin,0.20038,0.20311,0.19006,0.19362,1128616251.0,0.19362
2025-10-29 05:30:00,Dogecoin,0.19362,0.19728,0.1871,0.19237,1276743754.0,0.19237
2025-10-30 05:30:00,Dogecoin,0.19237,0.1946,0.17642,0.18268,1657462065.0,0.18268
2025-10-31 05:30:00,Dogecoin,0.18268,0.18816,0.18228,0.18644,693564340.0,0.18644
2025-11-01 05:30:00,Dogecoin,0.18644,0.18837,0.18512,0.18736,381304623.0,0.18736
2025-11-02 05:30:00,Dogecoin,0.18736,0.18884,0.18172,0.18638,422142934.0,0.18638
2025-11-03 05:30:00,Dogecoin,0.18639,0.18666,0.16017,0.16741,2233966267.0,0.16741
2025-11-04 05:30:00,Dogecoin,0.16741,0.1711,0.15159,0.16223,3239546286.0,0.16223
2025-11-05 05:30:00,Dogecoin,0.16224,0.16886,0.15456,0.16719,1450649552.0,0.16719
2025-11-06 05:30:00,Dogecoin,0.16718,0.1678,0.15693,0.16164,991019158.0,0.16164
2025-11-07 05:30:00,Dogecoin,0.16164,0.18166,0.1596,0.17877,1612295661.0,0.17877
2025-11-08 05:30:00,Dogecoin,0.17877,0.18332,0.173,0.17605,1232860279.0,0.17605
2025-11-09 05:30:00,Dogecoin,0.17605,0.18158,0.17123,0.1793,824680933.0,0.1793
2025-11-10 05:30:00,Dogecoin,0.1793,0.18575,0.17722,0.18179,1123195034.0,0.18179
2025-11-11 05:30:00,Dogecoin,0.18178,0.1864,0.17154,0.17206,1194191122.0,0.17206
2025-11-12 05:30:00,Dogecoin,0.17207,0.17855,0.16721,0.17018,974860769.0,0.17018
2025-11-13 05:30:00,Dogecoin,0.17018,0.17766,0.16,0.16384,1568645541.0,0.16384
2025-11-14 05:30:00,Dogecoin,0.16383,0.16628,0.15472,0.15765,1838238578.0,0.15765
2025-11-15 05:30:00,Dogecoin,0.15765,0.16482,0.15721,0.16316,673862028.0,0.16316
2025-11-16 05:30:00,Dogecoin,0.16316,0.16563,0.1536,0.15857,1032632939.0,0.15857
2025-11-17 05:30:00,Dogecoin,0.15856,0.1651,0.15066,0.15214,1608346754.0,0.15214
2025-11-18 05:30:00,Dogecoin,0.15214,0.16294,0.14943,0.16173,1453866633.0,0.16173
2025-11-19 05:30:00,Dogecoin,0.16172,0.1625,0.14712,0.1546,1411295703.0,0.1546
2025-11-20 05:30:00,Dogecoin,0.15459,0.15972,0.14623,0.14892,1600374682.0,0.14892
2025-11-21 05:30:00,Dogecoin,0.14892,0.15109,0.13321,0.14029,2835442265.0,0.14029
2025-11-22 05:30:00,Dogecoin,0.14029,0.1424,0.13549,0.14027,978144036.0,0.14027
2025-11-23 05:30:00,Dogecoin,0.14027,0.14775,0.13966,0.145,846522905.0,0.145
2025-11-24 05:30:00,Dogecoin,0.145,0.15397,0.14279,0.15181,1133652374.0,0.15181
2025-11-25 05:30:00,Dogecoin,0.1518,0.15504,0.14585,0.15301,936141701.0,0.15301
2025-11-26 05:30:00,Dogecoin,0.15301,0.15681,0.14862,0.15474,858785986.0,0.15474
2025-11-27 05:30:00,Dogecoin,0.15473,0.15559,0.1521,0.15264,442592040.0,0.15264
2025-11-28 05:30:00,Dogecoin,0.15264,0.15554,0.14825,0.15017,708146301.0,0.15017
2025-11-29 05:30:00,Dogecoin,0.15016,0.15095,0.14725,0.14837,301506106.0,0.14837
2025-11-30 05:30:00,Dogecoin,0.14837,0.15059,0.14588,0.14599,359178345.0,0.14599
2025-12-01 05:30:00,Dogecoin,0.14599,0.14637,0.13177,0.13547,1194651951.0,0.13547
2025-12-02 05:30:00,Dogecoin,0.13546,0.14783,0.13443,0.14577,805736367.0,0.14577
2025-12-03 05:30:00,Dogecoin,0.14578,0.1534,0.1452,0.15166,900651276.0,0.15166
2025-12-04 05:30:00,Dogecoin,0.15167,0.1532,0.14557,0.14739,637362886.0,0.14739
2025-12-05 05:30:00,Dogecoin,0.14739,0.14838,0.13722,0.13956,719213185.0,0.13956
2025-12-06 05:30:00,Dogecoin,0.13956,0.14076,0.13836,0.13975,312444302.0,0.13975
2025-12-07 05:30:00,Dogecoin,0.13976,0.14291,0.13486,0.13867,638350242.0,0.13867
2025-12-08 05:30:00,Dogecoin,0.13868,0.14505,0.13799,0.14259,637568327.0,0.14259
2025-12-09 05:30:00,Dogecoin,0.1426,0.15319,0.13942,0.14797,993044372.0,0.14797
2025-12-10 05:30:00,Dogecoin,0.14796,0.15031,0.14235,0.14332,770619026.0,0.14332
2025-12-11 05:30:00,Dogecoin,0.14332,0.1436,0.13623,0.14033,829996639.0,0.14033
2025-12-12 05:30:00,Dogecoin,0.14034,0.14155,0.13428,0.13692,532296809.0,0.13692
2025-12-13 05:30:00,Dogecoin,0.13692,0.14002,0.13691,0.13905,215402184.0,0.13905
2025-12-14 05:30:00,Dogecoin,0.13906,0.13925,0.13261,0.13408,446980516.0,0.13408
2025-12-15 05:30:00,Dogecoin,0.13407,0.13845,0.12661,0.12975,784404436.0,0.12975
2025-12-16 05:30:00,Dogecoin,0.12975,0.13305,0.12716,0.13179,537676555.0,0.13179
2025-12-17 05:30:00,Dogecoin,0.13179,0.13631,0.12481,0.12633,818900138.0,0.12633
2025-12-18 05:30:00,Dogecoin,0.12633,0.13072,0.11993,0.12207,1170003699.0,0.12207
2025-12-19 05:30:00,Dogecoin,0.12207,0.13353,0.12056,0.13222,886504087.0,0.13222
2025-12-20 05:30:00,Dogecoin,0.13222,0.13261,0.13069,0.13194,256897701.0,0.13194
2025-12-21 05:30:00,Dogecoin,0.13193,0.13342,0.12871,0.13112,315017725.0,0.13112
2025-12-22 05:30:00,Dogecoin,0.13113,0.1354,0.12952,0.13258,578553795.0,0.13258
2025-12-23 05:30:00,Dogecoin,0.13258,0.13369,0.12789,0.12928,507414870.0,0.12928
2025-12-24 05:30:00,Dogecoin,0.12929,0.13038,0.12651,0.12856,335694754.0,0.12856
2025-12-25 05:30:00,Dogecoin,0.12855,0.12909,0.123,0.12365,418798463.0,0.12365
2025-12-26 05:30:00,Dogecoin,0.12364,0.12752,0.12064,0.12211,719882140.0,0.12211
2025-12-27 05:30:00,Dogecoin,0.12211,0.12492,0.12193,0.12435,242221247.0,0.12435
2025-12-28 05:30:00,Dogecoin,0.12435,0.1249,0.12277,0.12393,221394199.0,0.12393
2025-12-29 05:30:00,Dogecoin,0.12394,0.12805,0.12228,0.12288,673526124.0,0.12288
2025-12-30 05:30:00,Dogecoin,0.12288,0.12537,0.1224,0.12336,627500697.0,0.12336
2025-12-31 05:30:00,Dogecoin,0.12335,0.12381,0.11612,0.11747,670335608.0,0.11747
2026-01-01 05:30:00,Dogecoin,0.11747,0.1275,0.11742,0.12683,886565713.0,0.12683
2026-01-02 05:30:00,Dogecoin,0.12682,0.14498,0.12592,0.14188,2240031844.0,0.14188
2026-01-03 05:30:00,Dogecoin,0.14187,0.14451,0.13914,0.14315,1027895793.0,0.14315
2026-01-04 05:30:00,Dogecoin,0.14314,0.15418,0.14278,0.14953,1371022860.0,0.14953
2026-01-05 05:30:00,Dogecoin,0.14952,0.1545,0.14581,0.15171,1115045910.0,0.15171
2026-01-06 05:30:00,Dogecoin,0.15171,0.15656,0.14352,0.15055,1272318747.0,0.15055
2026-01-07 05:30:00,Dogecoin,0.15055,0.15405,0.14487,0.14642,797102416.0,0.14642
2026-01-08 05:30:00,Dogecoin,0.14642,0.14777,0.138,0.14194,959509517.0,0.14194
2026-01-09 05:30:00,Dogecoin,0.14195,0.14462,0.13825,0.14071,703610941.0,0.14071
2026-01-10 05:30:00,Dogecoin,0.1407,0.14072,0.13904,0.13965,219649749.0,0.13965
2026-01-11 05:30:00,Dogecoin,0.13965,0.1412,0.13585,0.13801,419409403.0,0.13801
2026-01-12 05:30:00,Dogecoin,0.13801,0.14237,0.13492,0.13662,721042880.0,0.13662
2026-01-13 05:30:00,Dogecoin,0.13661,0.15095,0.13626,0.14828,962128224.0,0.14828
2026-01-14 05:30:00,Dogecoin,0.14828,0.15133,0.14562,0.14718,873212059.0,0.14718
2026-01-15 05:30:00,Dogecoin,0.14719,0.14721,0.13881,0.14004,785586188.0,0.14004
2026-01-16 05:30:00,Dogecoin,0.14005,0.14045,0.1351,0.13813,990841345.0,0.13813
2026-01-17 05:30:00,Dogecoin,0.13813,0.14003,0.13682,0.13788,343127679.0,0.13788
2026-01-18 05:30:00,Dogecoin,0.13788,0.13835,0.13133,0.13164,479039950.0,0.13164
2026-01-19 05:30:00,Dogecoin,0.13163,0.13163,0.12,0.12916,1347363841.0,0.12916
2026-01-20 05:30:00,Dogecoin,0.12917,0.12934,0.12178,0.12336,794330118.0,0.12336
2026-01-21 05:30:00,Dogecoin,0.12336,0.12884,0.12029,0.12654,942674775.0,0.12654
2026-01-22 05:30:00,Dogecoin,0.12653,0.12794,0.12322,0.12437,424956417.0,0.12437
2026-01-23 05:30:00,Dogecoin,0.12437,0.12788,0.12203,0.12477,533582852.0,0.12477
2026-01-24 05:30:00,Dogecoin,0.12478,0.12494,0.12291,0.12423,168690655.0,0.12423
2026-01-25 05:30:00,Dogecoin,0.12422,0.12435,0.11764,0.11945,644477476.0,0.11945
2026-01-26 05:30:00,Dogecoin,0.11945,0.12381,0.11924,0.12236,708086997.0,0.12236
2026-01-27 05:30:00,Dogecoin,0.12236,0.12666,0.12139,0.12619,704522307.0,0.12619
2026-01-28 05:30:00,Dogecoin,0.1262,0.12775,0.12372,0.125,651222550.0,0.125
2026-01-29 05:30:00,Dogecoin,0.125,0.12525,0.1144,0.11728,1189313828.0,0.11728
2026-01-30 05:30:00,Dogecoin,0.11729,0.11871,0.11217,0.11581,1164836231.0,0.11581
2026-01-31 05:30:00,Dogecoin,0.11582,0.11593,0.09461,0.10426,2462959641.0,0.10426
2026-02-01 05:30:00,Dogecoin,0.10426,0.10685,0.10103,0.10426,1128141338.0,0.10426
2026-02-02 05:30:00,Dogecoin,0.10427,0.11056,0.09955,0.10792,1604582722.0,0.10792
2026-02-03 05:30:00,Dogecoin,0.10791,0.11053,0.10226,0.10602,1614342566.0,0.10602
2026-02-04 05:30:00,Dogecoin,0.10602,0.10947,0.10127,0.10383,1322881491.0,0.10383
2026-02-05 05:30:00,Dogecoin,0.10383,0.10477,0.08675,0.08849,3166815594.0,0.08849
2026-02-06 05:30:00,Dogecoin,0.08848,0.10211,0.08001,0.09848,2894496776.0,0.09848
2026-02-07 05:30:00,Dogecoin,0.09847,0.09948,0.09472,0.09823,1448690461.0,0.09823
2026-02-08 05:30:00,Dogecoin,0.09823,0.09902,0.0951,0.09663,616525440.0,0.09663
2026-02-09 05:30:00,Dogecoin,0.09663,0.09748,0.09243,0.09611,682487562.0,0.09611
2026-02-10 05:30:00,Dogecoin,0.09612,0.09657,0.09182,0.09277,497491627.0,0.09277
2026-02-11 05:30:00,Dogecoin,0.09277,0.09362,0.0879,0.09112,788143970.0,0.09112
2026-02-12 05:30:00,Dogecoin,0.09113,0.09455,0.09069,0.093,647408732.0,0.093
2026-02-13 05:30:00,Dogecoin,0.09299,0.09764,0.09179,0.09667,727434615.0,0.09667
2026-02-14 05:30:00,Dogecoin,0.09668,0.11383,0.0963,0.11104,1350008258.0,0.11104
2026-02-15 05:30:00,Dogecoin,0.11104,0.11757,0.10155,0.10269,2260569216.0,0.10269
2026-02-16 05:30:00,Dogecoin,0.10268,0.1036,0.0985,0.10102,1011576182.0,0.10102
2026-02-17 05:30:00,Dogecoin,0.10103,0.1036,0.09836,0.10066,813594093.0,0.10066
2026-02-18 05:30:00,Dogecoin,0.10067,0.1023,0.09749,0.09855,540244921.0,0.09855
2026-02-19 05:30:00,Dogecoin,0.09855,0.09924,0.09551,0.09837,628133019.0,0.09837
2026-02-20 05:30:00,Dogecoin,0.09836,0.10244,0.09566,0.10011,879726429.0,0.10011
2026-02-21 05:30:00,Dogecoin,0.10011,0.10098,0.0984,0.09841,366330724.0,0.09841
2026-02-22 05:30:00,Dogecoin,0.09842,0.09855,0.09457,0.09558,393579573.0,0.09558
2026-02-23 05:30:00,Dogecoin,0.09559,0.0976,0.09145,0.09266,885845121.0,0.09266
2026-02-24 05:30:00,Dogecoin,0.09267,0.0936,0.08996,0.09137,690018269.0,0.09137
2026-02-25 05:30:00,Dogecoin,0.09138,0.10618,0.0909,0.10095,1467184174.0,0.10095
2026-02-26 05:30:00,Dogecoin,0.10095,0.1017,0.0954,0.09701,796682755.0,0.09701
2026-02-27 05:30:00,Dogecoin,0.09702,0.09911,0.09198,0.09337,688625162.0,0.09337
2026-02-28 05:30:00,Dogecoin,0.09337,0.095,0.08771,0.09405,1263091942.0,0.09405
2026-03-01 05:30:00,Dogecoin,0.09406,0.09788,0.09056,0.0919,1025310501.0,0.0919
2026-03-02 05:30:00,Dogecoin,0.0919,0.09771,0.0908,0.09356,939663669.0,0.09356
2026-03-03 05:30:00,Dogecoin,0.09356,0.09385,0.08847,0.08997,1057244496.0,0.08997
2026-03-04 05:30:00,Dogecoin,0.08998,0.10434,0.08859,0.09893,2260563245.0,0.09893
2026-03-05 05:30:00,Dogecoin,0.09893,0.09924,0.09275,0.09356,1069888791.0,0.09356
2026-03-06 05:30:00,Dogecoin,0.09356,0.09441,0.09,0.09129,871355799.0,0.09129
2026-03-07 05:30:00,Dogecoin,0.09129,0.09213,0.08927,0.08993,443785459.0,0.08993
2026-03-08 05:30:00,Dogecoin,0.08993,0.09133,0.08666,0.08915,834121407.0,0.08915
2026-03-09 05:30:00,Dogecoin,0.08914,0.09283,0.089,0.09049,996650758.0,0.09049
2026-03-10 05:30:00,Dogecoin,0.09048,0.10046,0.09033,0.09452,1835766129.0,0.09452
2026-03-11 05:30:00,Dogecoin,0.09452,0.09509,0.0912,0.09288,1179985494.0,0.09288
2026-03-12 05:30:00,Dogecoin,0.09289,0.09329,0.0918,0.09299,201558813.0,0.09299
2025-03-13 05:30:00,TRON,0.2229,0.2266,0.2221,0.2253,504330948.2,0.2253
2025-03-14 05:30:00,TRON,0.2253,0.2263,0.2207,0.2224,348597649.0,0.2224
2025-03-15 05:30:00,TRON,0.2224,0.2251,0.2203,0.2215,387929159.1,0.2215
2025-03-16 05:30:00,TRON,0.2215,0.2217,0.2109,0.2119,459168435.4,0.2119
2025-03-17 05:30:00,TRON,0.2119,0.222,0.2111,0.2206,456289316.4,0.2206
2025-03-18 05:30:00,TRON,0.2207,0.2394,0.22,0.2371,679967353.2,0.2371
2025-03-19 05:30:00,TRON,0.2371,0.2437,0.2288,0.2309,1010730830.1,0.2309
2025-03-20 05:30:00,TRON,0.2309,0.2369,0.2285,0.2339,511193068.6,0.2339
2025-03-21 05:30:00,TRON,0.2339,0.2377,0.2304,0.2335,365697214.9,0.2335
2025-03-22 05:30:00,TRON,0.2335,0.2384,0.2328,0.237,273344267.6,0.237
2025-03-23 05:30:00,TRON,0.237,0.2409,0.2297,0.23,289592841.5,0.23
2025-03-24 05:30:00,TRON,0.23,0.2301,0.2251,0.2282,498183827.6,0.2282
2025-03-25 05:30:00,TRON,0.2282,0.2291,0.2259,0.2272,234960180.4,0.2272
2025-03-26 05:30:00,TRON,0.2273,0.2318,0.2268,0.2314,312779335.5,0.2314
2025-03-27 05:30:00,TRON,0.2313,0.2353,0.2307,0.235,321623133.0,0.235
2025-03-28 05:30:00,TRON,0.2351,0.2351,0.2291,0.2325,342656417.0,0.2325
2025-03-29 05:30:00,TRON,0.2325,0.2358,0.2317,0.2318,343416315.5,0.2318
2025-03-30 05:30:00,TRON,0.2318,0.2329,0.2296,0.2319,241573567.1,0.2319
2025-03-31 05:30:00,TRON,0.2318,0.2402,0.2311,0.2388,318936229.8,0.2388
2025-04-01 05:30:00,TRON,0.2387,0.2392,0.2332,0.2378,261887867.2,0.2378
2025-04-02 05:30:00,TRON,0.2378,0.2402,0.2321,0.2341,469781287.8,0.2341
2025-04-03 05:30:00,TRON,0.234,0.2386,0.2304,0.2382,320970586.1,0.2382
2025-04-04 05:30:00,TRON,0.2382,0.2418,0.2366,0.239,317723906.2,0.239
2025-04-05 05:30:00,TRON,0.239,0.2393,0.2358,0.2375,154149028.0,0.2375
2025-04-06 05:30:00,TRON,0.2375,0.2401,0.2283,0.2301,350204437.3,0.2301
2025-04-07 05:30:00,TRON,0.2301,0.2323,0.221,0.2287,855774586.6,0.2287
2025-04-08 05:30:00,TRON,0.2287,0.2368,0.2285,0.2306,520940225.9,0.2306
2025-04-09 05:30:00,TRON,0.2306,0.2391,0.2264,0.2385,652751351.1,0.2385
2025-04-10 05:30:00,TRON,0.2385,0.2439,0.2346,0.2363,607228685.7,0.2363
2025-04-11 05:30:00,TRON,0.2364,0.2438,0.2345,0.243,368063339.0,0.243
2025-04-12 05:30:00,TRON,0.2429,0.2506,0.2404,0.246,452740951.3,0.246
2025-04-13 05:30:00,TRON,0.246,0.2547,0.2457,0.2547,465421556.6,0.2547
2025-04-14 05:30:00,TRON,0.2547,0.2597,0.2515,0.2521,584532554.0,0.2521
2025-04-15 05:30:00,TRON,0.2521,0.2538,0.247,0.2505,464729630.7,0.2505
2025-04-16 05:30:00,TRON,0.2505,0.2552,0.2475,0.2476,517919563.2,0.2476
2025-04-17 05:30:00,TRON,0.2476,0.2505,0.2439,0.2478,543144935.5,0.2478
2025-04-18 05:30:00,TRON,0.2478,0.248,0.2397,0.2398,358889047.9,0.2398
2025-04-19 05:30:00,TRON,0.2399,0.2446,0.2396,0.244,238436668.6,0.244
2025-04-20 05:30:00,TRON,0.244,0.2468,0.2413,0.2438,314247480.2,0.2438
2025-04-21 05:30:00,TRON,0.2437,0.247,0.241,0.2463,471748282.5,0.2463
2025-04-22 05:30:00,TRON,0.2464,0.2493,0.2437,0.2483,480465459.0,0.2483
2025-04-23 05:30:00,TRON,0.2483,0.2495,0.2434,0.2462,444574163.4,0.2462
2025-04-24 05:30:00,TRON,0.2463,0.2475,0.242,0.2454,363554575.6,0.2454
2025-04-25 05:30:00,TRON,0.2454,0.2459,0.2406,0.2419,358571002.4,0.2419
2025-04-26 05:30:00,TRON,0.2418,0.2532,0.2416,0.2519,499229446.5,0.2519
2025-04-27 05:30:00,TRON,0.252,0.2544,0.2453,0.2454,390389330.7,0.2454
2025-04-28 05:30:00,TRON,0.2454,0.2484,0.2434,0.2483,351965372.4,0.2483
2025-04-29 05:30:00,TRON,0.2483,0.2499,0.243,0.2438,263689107.5,0.2438
2025-04-30 05:30:00,TRON,0.2438,0.247,0.2423,0.2464,287181616.0,0.2464
2025-05-01 05:30:00,TRON,0.2464,0.2496,0.2439,0.2447,258062389.8,0.2447
2025-05-02 05:30:00,TRON,0.2447,0.2484,0.2433,0.2478,232625993.9,0.2478
2025-05-03 05:30:00,TRON,0.2479,0.2498,0.2445,0.2456,253156777.5,0.2456
2025-05-04 05:30:00,TRON,0.2456,0.2489,0.245,0.2471,239067696.7,0.2471
2025-05-05 05:30:00,TRON,0.2471,0.2505,0.246,0.2483,335180498.5,0.2483
2025-05-06 05:30:00,TRON,0.2483,0.2485,0.2438,0.2459,268281513.9,0.2459
2025-05-07 05:30:00,TRON,0.2458,0.2492,0.2435,0.2487,265566887.6,0.2487
2025-05-08 05:30:00,TRON,0.2487,0.258,0.2484,0.2571,483322851.7,0.2571
2025-05-09 05:30:00,TRON,0.257,0.2661,0.2542,0.2602,926385259.2,0.2602
2025-05-10 05:30:00,TRON,0.2602,0.2667,0.2586,0.2662,616789184.1,0.2662
2025-05-11 05:30:00,TRON,0.2662,0.2687,0.2596,0.2651,634953733.3,0.2651
2025-05-12 05:30:00,TRON,0.2651,0.2801,0.2631,0.2717,1446940787.3,0.2717
2025-05-13 05:30:00,TRON,0.2717,0.2731,0.2608,0.2709,663028253.6,0.2709
2025-05-14 05:30:00,TRON,0.2709,0.2791,0.2691,0.2746,657437414.4,0.2746
2025-05-15 05:30:00,TRON,0.2747,0.2764,0.2673,0.2733,694164812.8,0.2733
2025-05-16 05:30:00,TRON,0.2732,0.2782,0.2706,0.2717,471001764.0,0.2717
2025-05-17 05:30:00,TRON,0.2716,0.2723,0.267,0.2696,375085855.6,0.2696
2025-05-18 05:30:00,TRON,0.2695,0.2746,0.2637,0.2679,463928205.2,0.2679
2025-05-19 05:30:00,TRON,0.268,0.2681,0.2605,0.2667,422494101.0,0.2667
2025-05-20 05:30:00,TRON,0.2667,0.2755,0.2661,0.2691,549465855.8,0.2691
2025-05-21 05:30:00,TRON,0.2691,0.2743,0.2658,0.2683,583154189.4,0.2683
2025-05-22 05:30:00,TRON,0.2683,0.2821,0.2673,0.2759,724788804.4,0.2759
2025-05-23 05:30:00,TRON,0.2758,0.2762,0.264,0.2688,669155491.6,0.2688
2025-05-24 05:30:00,TRON,0.2687,0.2739,0.2686,0.2703,252211206.5,0.2703
2025-05-25 05:30:00,TRON,0.2703,0.2738,0.2687,0.2723,300012421.3,0.2723
2025-05-26 05:30:00,TRON,0.2723,0.2749,0.2703,0.2739,243526922.4,0.2739
2025-05-27 05:30:00,TRON,0.2739,0.279,0.272,0.2779,325770380.5,0.2779
2025-05-28 05:30:00,TRON,0.2779,0.2797,0.2731,0.2738,252948126.9,0.2738
2025-05-29 05:30:00,TRON,0.2737,0.2782,0.2725,0.2747,331774278.2,0.2747
2025-05-30 05:30:00,TRON,0.2746,0.2763,0.2667,0.267,503491749.6,0.267
2025-05-31 05:30:00,TRON,0.267,0.2695,0.2632,0.2657,338717941.5,0.2657
2025-06-01 05:30:00,TRON,0.2656,0.2714,0.2649,0.2708,187322066.3,0.2708
2025-06-02 05:30:00,TRON,0.2708,0.2718,0.2659,0.2688,230189096.9,0.2688
2025-06-03 05:30:00,TRON,0.2688,0.2721,0.2683,0.2702,179472141.9,0.2702
2025-06-04 05:30:00,TRON,0.2703,0.2748,0.2679,0.2744,246171028.8,0.2744
2025-06-05 05:30:00,TRON,0.2744,0.2852,0.2661,0.282,572100533.2,0.282
2025-06-06 05:30:00,TRON,0.282,0.2826,0.2757,0.2779,321558561.8,0.2779
2025-06-07 05:30:00,TRON,0.278,0.287,0.2773,0.2869,240979112.9,0.2869
2025-06-08 05:30:00,TRON,0.2869,0.2877,0.2814,0.2817,246557876.3,0.2817
2025-06-09 05:30:00,TRON,0.2818,0.2902,0.2809,0.287,311622399.3,0.287
2025-06-10 05:30:00,TRON,0.2869,0.2946,0.2856,0.2927,409343715.8,0.2927
2025-06-11 05:30:00,TRON,0.2926,0.2928,0.2769,0.2795,555013823.4,0.2795
2025-06-12 05:30:00,TRON,0.2796,0.2796,0.2705,0.2718,574655816.7,0.2718
2025-06-13 05:30:00,TRON,0.2719,0.2741,0.2669,0.2697,562774755.0,0.2697
2025-06-14 05:30:00,TRON,0.2698,0.2721,0.2686,0.2711,162763835.6,0.2711
2025-06-15 05:30:00,TRON,0.2711,0.2742,0.2702,0.2739,155712499.5,0.2739
2025-06-16 05:30:00,TRON,0.2739,0.2953,0.2692,0.2741,1149785011.9,0.2741
2025-06-17 05:30:00,TRON,0.274,0.2797,0.2712,0.2715,577769280.7,0.2715
2025-06-18 05:30:00,TRON,0.2714,0.2749,0.2676,0.273,312403170.9,0.273
2025-06-19 05:30:00,TRON,0.2729,0.2763,0.2722,0.2748,194348264.3,0.2748
2025-06-20 05:30:00,TRON,0.2748,0.2757,0.2702,0.2722,295514386.7,0.2722
2025-06-21 05:30:00,TRON,0.2723,0.275,0.2689,0.271,242836642.5,0.271
2025-06-22 05:30:00,TRON,0.2709,0.2738,0.2589,0.2635,731949163.0,0.2635
2025-06-23 05:30:00,TRON,0.2634,0.2736,0.2633,0.2727,504347077.2,0.2727
2025-06-24 05:30:00,TRON,0.2726,0.2747,0.2704,0.2738,248930520.2,0.2738
2025-06-25 05:30:00,TRON,0.2737,0.275,0.2704,0.2731,243430663.9,0.2731
2025-06-26 05:30:00,TRON,0.2731,0.2746,0.2703,0.271,266296006.6,0.271
2025-06-27 05:30:00,TRON,0.271,0.2735,0.2706,0.2732,161216309.4,0.2732
2025-06-28 05:30:00,TRON,0.2732,0.2766,0.2729,0.2747,167357663.8,0.2747
2025-06-29 05:30:00,TRON,0.2747,0.2769,0.2744,0.2769,118183221.9,0.2769
2025-06-30 05:30:00,TRON,0.2769,0.2807,0.2759,0.2798,180461576.2,0.2798
2025-07-01 05:30:00,TRON,0.2797,0.2803,0.2778,0.2788,149265465.1,0.2788
2025-07-02 05:30:00,TRON,0.2788,0.2852,0.2783,0.2844,187805076.1,0.2844
2025-07-03 05:30:00,TRON,0.2845,0.2875,0.2816,0.287,224100691.3,0.287
2025-07-04 05:30:00,TRON,0.287,0.288,0.2812,0.2827,195681904.8,0.2827
2025-07-05 05:30:00,TRON,0.2826,0.2852,0.2817,0.2832,110744964.0,0.2832
2025-07-06 05:30:00,TRON,0.2831,0.2875,0.2826,0.287,102251894.2,0.287
2025-07-07 05:30:00,TRON,0.287,0.2889,0.2854,0.2867,123089504.4,0.2867
2025-07-08 05:30:00,TRON,0.2866,0.2883,0.2859,0.2874,116239707.4,0.2874
2025-07-09 05:30:00,TRON,0.2874,0.2901,0.2865,0.2899,157872852.9,0.2899
2025-07-10 05:30:00,TRON,0.2898,0.2939,0.2895,0.2939,217329214.1,0.2939
2025-07-11 05:30:00,TRON,0.2939,0.3034,0.2932,0.3009,502595113.7,0.3009
2025-07-12 05:30:00,TRON,0.301,0.3068,0.2975,0.3022,599631349.5,0.3022
2025-07-13 05:30:00,TRON,0.3023,0.305,0.2999,0.3028,245788913.0,0.3028
2025-07-14 05:30:00,TRON,0.3029,0.305,0.2995,0.3025,457482273.4,0.3025
2025-07-15 05:30:00,TRON,0.3025,0.3029,0.2954,0.3005,429058710.7,0.3005
2025-07-16 05:30:00,TRON,0.3004,0.3098,0.2999,0.3096,319648241.1,0.3096
2025-07-17 05:30:00,TRON,0.3096,0.319,0.3077,0.3156,710754359.2,0.3156
2025-07-18 05:30:00,TRON,0.3155,0.3344,0.3154,0.3261,1221397095.8,0.3261
2025-07-19 05:30:00,TRON,0.326,0.3278,0.3171,0.3179,613872003.6,0.3179
2025-07-20 05:30:00,TRON,0.3178,0.3206,0.3124,0.314,466585372.2,0.314
2025-07-21 05:30:00,TRON,0.3141,0.3183,0.311,0.3143,643709842.4,0.3143
2025-07-22 05:30:00,TRON,0.3144,0.3161,0.3071,0.3158,710716819.3,0.3158
2025-07-23 05:30:00,TRON,0.3157,0.3186,0.3052,0.3095,929508217.0,0.3095
2025-07-24 05:30:00,TRON,0.3095,0.3158,0.3006,0.3139,904560474.8,0.3139
2025-07-25 05:30:00,TRON,0.3139,0.3178,0.3108,0.317,836560335.7,0.317
2025-07-26 05:30:00,TRON,0.317,0.3207,0.3163,0.3201,266219744.5,0.3201
2025-07-27 05:30:00,TRON,0.32,0.3229,0.3189,0.3199,279282527.4,0.3199
2025-07-28 05:30:00,TRON,0.32,0.328,0.3192,0.3224,615061941.3,0.3224
2025-07-29 05:30:00,TRON,0.3224,0.351,0.3214,0.3385,1821462357.7,0.3385
2025-07-30 05:30:00,TRON,0.3384,0.3403,0.3203,0.3274,955795735.5,0.3274
2025-07-31 05:30:00,TRON,0.3274,0.3298,0.3242,0.325,505826821.5,0.325
2025-08-01 05:30:00,TRON,0.325,0.3286,0.3214,0.3234,898415383.7,0.3234
2025-08-02 05:30:00,TRON,0.3234,0.3289,0.3187,0.3221,689503680.7,0.3221
2025-08-03 05:30:00,TRON,0.322,0.3281,0.3205,0.3275,347761590.5,0.3275
2025-08-04 05:30:00,TRON,0.3275,0.3333,0.3271,0.3328,266100504.4,0.3328
2025-08-05 05:30:00,TRON,0.3329,0.3352,0.3298,0.3338,416264838.1,0.3338
2025-08-06 05:30:00,TRON,0.3338,0.3379,0.3314,0.3373,346072001.0,0.3373
2025-08-07 05:30:00,TRON,0.3373,0.3416,0.3366,0.3384,450669087.9,0.3384
2025-08-08 05:30:00,TRON,0.3385,0.3399,0.3349,0.3378,512311917.6,0.3378
2025-08-09 05:30:00,TRON,0.3378,0.339,0.3349,0.3352,214111271.4,0.3352
2025-08-10 05:30:00,TRON,0.3352,0.3422,0.335,0.3383,384107571.7,0.3383
2025-08-11 05:30:00,TRON,0.3382,0.3459,0.3381,0.345,430916873.5,0.345
2025-08-12 05:30:00,TRON,0.3451,0.3539,0.3443,0.3524,497002517.7,0.3524
2025-08-13 05:30:00,TRON,0.3524,0.3626,0.3518,0.3621,511523817.8,0.3621
2025-08-14 05:30:00,TRON,0.362,0.37,0.3536,0.3575,1216118817.3,0.3575
2025-08-15 05:30:00,TRON,0.3575,0.3618,0.3483,0.3526,712101709.2,0.3526
2025-08-16 05:30:00,TRON,0.3526,0.3548,0.3452,0.3478,373739098.6,0.3478
2025-08-17 05:30:00,TRON,0.3478,0.3552,0.3471,0.3534,370411070.1,0.3534
2025-08-18 05:30:00,TRON,0.3533,0.3542,0.3444,0.3503,526435804.9,0.3503
2025-08-19 05:30:00,TRON,0.3503,0.3528,0.3457,0.3477,604934340.0,0.3477
2025-08-20 05:30:00,TRON,0.3477,0.3554,0.3461,0.3545,555581458.7,0.3545
2025-08-21 05:30:00,TRON,0.3545,0.3574,0.3506,0.3537,490240639.4,0.3537
2025-08-22 05:30:00,TRON,0.3537,0.3675,0.3534,0.3667,657013945.0,0.3667
2025-08-23 05:30:00,TRON,0.3667,0.3671,0.3601,0.3624,349673528.4,0.3624
2025-08-24 05:30:00,TRON,0.3625,0.3687,0.3611,0.3614,489580599.7,0.3614
2025-08-25 05:30:00,TRON,0.3614,0.3617,0.3416,0.3417,812955608.0,0.3417
2025-08-26 05:30:00,TRON,0.3417,0.3529,0.3388,0.3518,610797978.5,0.3518
2025-08-27 05:30:00,TRON,0.3518,0.3519,0.3448,0.3451,443044289.9,0.3451
2025-08-28 05:30:00,TRON,0.3452,0.3498,0.3423,0.3451,310206513.8,0.3451
2025-08-29 05:30:00,TRON,0.345,0.3459,0.3334,0.3385,554362199.7,0.3385
2025-08-30 05:30:00,TRON,0.3386,0.3408,0.336,0.339,202396931.9,0.339
2025-08-31 05:30:00,TRON,0.339,0.3438,0.339,0.341,175641360.9,0.341
2025-09-01 05:30:00,TRON,0.341,0.3415,0.3339,0.3373,410485042.0,0.3373
2025-09-02 05:30:00,TRON,0.3373,0.3406,0.3353,0.3381,399330542.1,0.3381
2025-09-03 05:30:00,TRON,0.338,0.342,0.3366,0.3406,230594362.0,0.3406
2025-09-04 05:30:00,TRON,0.3406,0.3416,0.3336,0.3346,266940061.8,0.3346
2025-09-05 05:30:00,TRON,0.3346,0.3392,0.3304,0.3313,393299294.3,0.3313
2025-09-06 05:30:00,TRON,0.3313,0.3323,0.2977,0.3145,583754409.6,0.3145
2025-09-07 05:30:00,TRON,0.3145,0.333,0.3112,0.3312,729652819.0,0.3312
2025-09-08 05:30:00,TRON,0.3313,0.3358,0.3294,0.3313,315699044.5,0.3313
2025-09-09 05:30:00,TRON,0.3313,0.3391,0.3298,0.3351,385510569.9,0.3351
2025-09-10 05:30:00,TRON,0.3351,0.3402,0.3346,0.3383,224876043.2,0.3383
2025-09-11 05:30:00,TRON,0.3383,0.348,0.338,0.3463,352175419.1,0.3463
2025-09-12 05:30:00,TRON,0.3463,0.3526,0.3462,0.3525,271316751.2,0.3525
2025-09-13 05:30:00,TRON,0.3525,0.3547,0.347,0.3497,251547106.4,0.3497
2025-09-14 05:30:00,TRON,0.3497,0.3519,0.3465,0.3485,219639369.3,0.3485
2025-09-15 05:30:00,TRON,0.3485,0.3516,0.3423,0.3448,346802307.5,0.3448
2025-09-16 05:30:00,TRON,0.3449,0.3472,0.3396,0.3423,283789066.8,0.3423
2025-09-17 05:30:00,TRON,0.3424,0.3447,0.3387,0.3433,362090914.3,0.3433
2025-09-18 05:30:00,TRON,0.3432,0.3522,0.3426,0.3505,328290909.4,0.3505
2025-09-19 05:30:00,TRON,0.3505,0.3526,0.3431,0.3437,311551673.2,0.3437
2025-09-20 05:30:00,TRON,0.3438,0.3482,0.3428,0.3467,209002965.0,0.3467
2025-09-21 05:30:00,TRON,0.3466,0.3468,0.3417,0.3426,203967538.9,0.3426
2025-09-22 05:30:00,TRON,0.3426,0.3431,0.334,0.3399,532962412.6,0.3399
2025-09-23 05:30:00,TRON,0.34,0.3425,0.3344,0.336,285760721.4,0.336
2025-09-24 05:30:00,TRON,0.336,0.3394,0.3346,0.3382,226796912.8,0.3382
2025-09-25 05:30:00,TRON,0.3382,0.3385,0.33,0.3319,442862468.4,0.3319
2025-09-26 05:30:00,TRON,0.3319,0.3385,0.3318,0.3383,316603651.9,0.3383
2025-09-27 05:30:00,TRON,0.3384,0.3399,0.3356,0.3366,130288699.8,0.3366
2025-09-28 05:30:00,TRON,0.3366,0.3373,0.3341,0.3357,116594255.4,0.3357
2025-09-29 05:30:00,TRON,0.3357,0.3376,0.3325,0.3368,162341595.7,0.3368
2025-09-30 05:30:00,TRON,0.3368,0.3377,0.3315,0.3336,190255915.0,0.3336
2025-10-01 05:30:00,TRON,0.3336,0.3423,0.3331,0.3415,265452066.9,0.3415
2025-10-02 05:30:00,TRON,0.3416,0.3441,0.3408,0.3426,209692446.3,0.3426
2025-10-03 05:30:00,TRON,0.3426,0.3459,0.3411,0.3419,270615261.8,0.3419
2025-10-04 05:30:00,TRON,0.3419,0.3424,0.3393,0.3404,115990718.2,0.3404
2025-10-05 05:30:00,TRON,0.3404,0.3443,0.3397,0.3413,192175496.3,0.3413
2025-10-06 05:30:00,TRON,0.3414,0.3473,0.3405,0.3461,261892874.3,0.3461
2025-10-07 05:30:00,TRON,0.3461,0.3471,0.3373,0.3379,281423648.2,0.3379
2025-10-08 05:30:00,TRON,0.3379,0.3426,0.3363,0.342,245818593.7,0.342
2025-10-09 05:30:00,TRON,0.3421,0.3423,0.3342,0.3369,294100377.5,0.3369
2025-10-10 05:30:00,TRON,0.337,0.3372,0.3,0.3205,672891263.4,0.3205
2025-10-11 05:30:00,TRON,0.3205,0.3211,0.3116,0.3144,382849698.3,0.3144
2025-10-12 05:30:00,TRON,0.3144,0.3241,0.3108,0.3227,393610083.3,0.3227
2025-10-13 05:30:00,TRON,0.3228,0.3243,0.3199,0.3227,317132204.7,0.3227
2025-10-14 05:30:00,TRON,0.3227,0.3231,0.3076,0.3168,571178154.2,0.3168
2025-10-15 05:30:00,TRON,0.3167,0.3214,0.3115,0.3192,406737378.8,0.3192
2025-10-16 05:30:00,TRON,0.3193,0.3235,0.3134,0.316,438646802.2,0.316
2025-10-17 05:30:00,TRON,0.316,0.318,0.3046,0.3089,510045988.8,0.3089
2025-10-18 05:30:00,TRON,0.309,0.3147,0.3087,0.313,160309126.7,0.313
2025-10-19 05:30:00,TRON,0.313,0.3211,0.3124,0.3205,168205628.0,0.3205
2025-10-20 05:30:00,TRON,0.3205,0.3242,0.3179,0.3224,244066327.1,0.3224
2025-10-21 05:30:00,TRON,0.3224,0.3253,0.3174,0.3217,325735758.4,0.3217
2025-10-22 05:30:00,TRON,0.3216,0.3251,0.3175,0.3226,470375776.4,0.3226
2025-10-23 05:30:00,TRON,0.3226,0.3236,0.313,0.3139,305984415.0,0.3139
2025-10-24 05:30:00,TRON,0.3138,0.315,0.3031,0.3037,393150376.9,0.3037
2025-10-25 05:30:00,TRON,0.3038,0.304,0.2937,0.2971,465092357.5,0.2971
2025-10-26 05:30:00,TRON,0.297,0.3017,0.2942,0.3003,323407386.6,0.3003
2025-10-27 05:30:00,TRON,0.3003,0.3024,0.2976,0.2983,271843375.0,0.2983
2025-10-28 05:30:00,TRON,0.2983,0.2998,0.2932,0.2954,305116262.9,0.2954
2025-10-29 05:30:00,TRON,0.2955,0.2984,0.2907,0.2961,401066631.6,0.2961
2025-10-30 05:30:00,TRON,0.2961,0.2985,0.2883,0.2925,574675939.1,0.2925
2025-10-31 05:30:00,TRON,0.2924,0.2969,0.2922,0.2962,224538801.9,0.2962
2025-11-01 05:30:00,TRON,0.2963,0.298,0.2949,0.2975,126831293.2,0.2975
2025-11-02 05:30:00,TRON,0.2975,0.2985,0.2951,0.2981,134122325.4,0.2981
2025-11-03 05:30:00,TRON,0.2981,0.2984,0.2801,0.2813,771686509.5,0.2813
2025-11-04 05:30:00,TRON,0.2813,0.2859,0.2764,0.2855,903574571.4,0.2855
2025-11-05 05:30:00,TRON,0.2855,0.2902,0.2807,0.2889,353023780.2,0.2889
2025-11-06 05:30:00,TRON,0.289,0.2895,0.282,0.2839,272321105.0,0.2839
2025-11-07 05:30:00,TRON,0.2838,0.2943,0.2833,0.2923,441786199.3,0.2923
2025-11-08 05:30:00,TRON,0.2923,0.2948,0.29,0.2916,216533092.4,0.2916
2025-11-09 05:30:00,TRON,0.2916,0.2927,0.2889,0.2906,169434569.9,0.2906
2025-11-10 05:30:00,TRON,0.2906,0.2965,0.2902,0.2965,266673182.5,0.2965
2025-11-11 05:30:00,TRON,0.2965,0.3012,0.2962,0.2967,330932404.7,0.2967
2025-11-12 05:30:00,TRON,0.2967,0.3009,0.2939,0.2946,342644255.6,0.2946
2025-11-13 05:30:00,TRON,0.2946,0.2998,0.2902,0.2931,395988503.9,0.2931
2025-11-14 05:30:00,TRON,0.2932,0.2983,0.2884,0.2925,589673342.8,0.2925
2025-11-15 05:30:00,TRON,0.2926,0.2952,0.2911,0.2948,214454352.4,0.2948
2025-11-16 05:30:00,TRON,0.2947,0.2993,0.2895,0.2924,409703683.5,0.2924
2025-11-17 05:30:00,TRON,0.2923,0.2963,0.2889,0.2918,429307938.8,0.2918
2025-11-18 05:30:00,TRON,0.2918,0.293,0.2869,0.2903,457273192.1,0.2903
2025-11-19 05:30:00,TRON,0.2904,0.2907,0.2835,0.2869,384674573.0,0.2869
2025-11-20 05:30:00,TRON,0.2869,0.2882,0.2775,0.2805,355397288.1,0.2805
2025-11-21 05:30:00,TRON,0.2806,0.2822,0.274,0.2766,725478900.7,0.2766
2025-11-22 05:30:00,TRON,0.2766,0.2773,0.2731,0.2743,318022680.5,0.2743
2025-11-23 05:30:00,TRON,0.2742,0.2758,0.2739,0.275,187440869.2,0.275
2025-11-24 05:30:00,TRON,0.275,0.2775,0.2745,0.2748,292389943.2,0.2748
2025-11-25 05:30:00,TRON,0.2748,0.275,0.2709,0.2745,272933836.3,0.2745
2025-11-26 05:30:00,TRON,0.2745,0.2772,0.274,0.2765,173342830.8,0.2765
2025-11-27 05:30:00,TRON,0.2765,0.2804,0.276,0.2803,171585291.1,0.2803
2025-11-28 05:30:00,TRON,0.2803,0.2822,0.2797,0.281,204892661.0,0.281
2025-11-29 05:30:00,TRON,0.281,0.2817,0.2802,0.2809,96041189.3,0.2809
2025-11-30 05:30:00,TRON,0.2809,0.2833,0.2795,0.2815,128779778.7,0.2815
2025-12-01 05:30:00,TRON,0.2815,0.2817,0.2754,0.2769,407520727.1,0.2769
2025-12-02 05:30:00,TRON,0.2769,0.2831,0.2766,0.281,261809940.2,0.281
2025-12-03 05:30:00,TRON,0.2809,0.2815,0.2781,0.2804,216563118.6,0.2804
2025-12-04 05:30:00,TRON,0.2804,0.2862,0.2793,0.2862,227948845.6,0.2862
2025-12-05 05:30:00,TRON,0.2861,0.2879,0.284,0.2856,271054429.4,0.2856
2025-12-06 05:30:00,TRON,0.2855,0.2904,0.2855,0.2871,182377732.0,0.2871
2025-12-07 05:30:00,TRON,0.287,0.2877,0.2841,0.2868,196278530.6,0.2868
2025-12-08 05:30:00,TRON,0.2868,0.288,0.2813,0.2814,171187560.4,0.2814
2025-12-09 05:30:00,TRON,0.2813,0.2835,0.2799,0.2822,225844529.9,0.2822
2025-12-10 05:30:00,TRON,0.2823,0.2829,0.2768,0.2801,235119226.5,0.2801
2025-12-11 05:30:00,TRON,0.28,0.2819,0.278,0.2805,196857893.7,0.2805
2025-12-12 05:30:00,TRON,0.2805,0.2808,0.2736,0.2737,169595138.3,0.2737
2025-12-13 05:30:00,TRON,0.2737,0.2751,0.2708,0.271,112327000.4,0.271
2025-12-14 05:30:00,TRON,0.271,0.2774,0.2706,0.2773,195039197.4,0.2773
2025-12-15 05:30:00,TRON,0.2773,0.2827,0.2772,0.2783,319553204.2,0.2783
2025-12-16 05:30:00,TRON,0.2782,0.282,0.2776,0.2802,186068057.6,0.2802
2025-12-17 05:30:00,TRON,0.2802,0.2821,0.2785,0.2796,210138939.0,0.2796
2025-12-18 05:30:00,TRON,0.2796,0.282,0.277,0.2793,221532991.8,0.2793
2025-12-19 05:30:00,TRON,0.2792,0.2806,0.278,0.28,204589257.6,0.28
2025-12-20 05:30:00,TRON,0.2801,0.2819,0.2786,0.2819,124367185.6,0.2819
2025-12-21 05:30:00,TRON,0.2819,0.2886,0.2812,0.2883,190920881.0,0.2883
2025-12-22 05:30:00,TRON,0.2883,0.2891,0.2832,0.2844,216011449.3,0.2844
2025-12-23 05:30:00,TRON,0.2844,0.2848,0.2823,0.2836,125216769.3,0.2836
2025-12-24 05:30:00,TRON,0.2836,0.2844,0.2793,0.2803,174979578.6,0.2803
2025-12-25 05:30:00,TRON,0.2802,0.281,0.2769,0.2787,129473811.9,0.2787
2025-12-26 05:30:00,TRON,0.2787,0.2802,0.2776,0.2795,134238976.2,0.2795
2025-12-27 05:30:00,TRON,0.2796,0.2849,0.2787,0.2849,136414847.9,0.2849
2025-12-28 05:30:00,TRON,0.2849,0.2854,0.2833,0.285,123523751.2,0.285
2025-12-29 05:30:00,TRON,0.2849,0.2858,0.2815,0.285,196683163.2,0.285
2025-12-30 05:30:00,TRON,0.285,0.2868,0.2842,0.2863,122414588.8,0.2863
2025-12-31 05:30:00,TRON,0.2864,0.2867,0.2822,0.2845,133466872.3,0.2845
2026-01-01 05:30:00,TRON,0.2846,0.2871,0.2836,0.2871,117169454.8,0.2871
2026-01-02 05:30:00,TRON,0.287,0.289,0.2845,0.289,164893709.8,0.289
2026-01-03 05:30:00,TRON,0.289,0.2956,0.2878,0.2956,173662721.7,0.2956
2026-01-04 05:30:00,TRON,0.2956,0.2958,0.2934,0.2939,154113384.1,0.2939
2026-01-05 05:30:00,TRON,0.294,0.2957,0.2918,0.2922,199980680.2,0.2922
2026-01-06 05:30:00,TRON,0.2922,0.2942,0.2911,0.2942,177488170.4,0.2942
2026-01-07 05:30:00,TRON,0.2942,0.2986,0.2939,0.2981,219469928.4,0.2981
2026-01-08 05:30:00,TRON,0.2982,0.2986,0.2943,0.295,202323599.8,0.295
2026-01-09 05:30:00,TRON,0.2949,0.2995,0.2925,0.2984,203774176.6,0.2984
2026-01-10 05:30:00,TRON,0.2984,0.3025,0.2973,0.3024,158006804.9,0.3024
2026-01-11 05:30:00,TRON,0.3023,0.3034,0.2984,0.2995,206597586.3,0.2995
2026-01-12 05:30:00,TRON,0.2996,0.3007,0.2971,0.2998,155933137.2,0.2998
2026-01-13 05:30:00,TRON,0.2999,0.3074,0.2985,0.3071,217479688.2,0.3071
2026-01-14 05:30:00,TRON,0.3072,0.3074,0.3009,0.3047,189952699.0,0.3047
2026-01-15 05:30:00,TRON,0.3047,0.3127,0.3021,0.3126,264694360.0,0.3126
2026-01-16 05:30:00,TRON,0.3127,0.3127,0.3053,0.3096,158972271.9,0.3096
2026-01-17 05:30:00,TRON,0.3097,0.3195,0.309,0.3188,156669043.5,0.3188
2026-01-18 05:30:00,TRON,0.3187,0.321,0.315,0.3178,188434059.1,0.3178
2026-01-19 05:30:00,TRON,0.3177,0.3207,0.3081,0.3119,251741780.0,0.3119
2026-01-20 05:30:00,TRON,0.3119,0.314,0.2969,0.297,283800217.3,0.297
2026-01-21 05:30:00,TRON,0.297,0.3004,0.2952,0.2993,248000181.5,0.2993
2026-01-22 05:30:00,TRON,0.2992,0.308,0.2984,0.3054,200695856.7,0.3054
2026-01-23 05:30:00,TRON,0.3054,0.311,0.2962,0.2979,262343455.9,0.2979
2026-01-24 05:30:00,TRON,0.2979,0.2981,0.294,0.2954,151942726.7,0.2954
2026-01-25 05:30:00,TRON,0.2955,0.2988,0.2943,0.2957,164975721.6,0.2957
2026-01-26 05:30:00,TRON,0.2957,0.2973,0.2947,0.2966,140143759.1,0.2966
2026-01-27 05:30:00,TRON,0.2965,0.2967,0.2931,0.2947,127276152.9,0.2947
2026-01-28 05:30:00,TRON,0.2946,0.2955,0.2911,0.2954,159478844.3,0.2954
2026-01-29 05:30:00,TRON,0.2954,0.2956,0.2902,0.295,208289652.2,0.295
2026-01-30 05:30:00,TRON,0.2951,0.2955,0.2885,0.2942,303842045.7,0.2942
2026-01-31 05:30:00,TRON,0.2943,0.2944,0.2843,0.2866,255638961.7,0.2866
2026-02-01 05:30:00,TRON,0.2867,0.2876,0.2841,0.2847,198161093.0,0.2847
2026-02-02 05:30:00,TRON,0.2848,0.2855,0.2817,0.2835,254822693.1,0.2835
2026-02-03 05:30:00,TRON,0.2835,0.2868,0.2815,0.2861,189051818.0,0.2861
2026-02-04 05:30:00,TRON,0.2861,0.2875,0.2823,0.2833,202191082.5,0.2833
2026-02-05 05:30:00,TRON,0.2834,0.2838,0.2696,0.2696,406180612.7,0.2696
2026-02-06 05:30:00,TRON,0.2696,0.2743,0.2683,0.2741,386056310.1,0.2741
2026-02-07 05:30:00,TRON,0.2741,0.2787,0.2732,0.2782,242534320.6,0.2782
2026-02-08 05:30:00,TRON,0.2783,0.2796,0.2762,0.2778,150544248.3,0.2778
2026-02-09 05:30:00,TRON,0.2778,0.2793,0.2764,0.2791,189285082.6,0.2791
2026-02-10 05:30:00,TRON,0.2791,0.2804,0.2762,0.2782,159804724.2,0.2782
2026-02-11 05:30:00,TRON,0.2782,0.2784,0.2739,0.2784,188578174.9,0.2784
2026-02-12 05:30:00,TRON,0.2784,0.2803,0.2762,0.28,165880791.3,0.28
2026-02-13 05:30:00,TRON,0.2799,0.2825,0.2769,0.2823,189189698.0,0.2823
2026-02-14 05:30:00,TRON,0.2822,0.2839,0.2816,0.2826,116790352.3,0.2826
2026-02-15 05:30:00,TRON,0.2827,0.2827,0.2798,0.2805,122560857.9,0.2805
2026-02-16 05:30:00,TRON,0.2804,0.2854,0.2795,0.2846,159636329.2,0.2846
2026-02-17 05:30:00,TRON,0.2846,0.2854,0.2795,0.2821,171831694.3,0.2821
2026-02-18 05:30:00,TRON,0.2822,0.2822,0.2782,0.2788,126113964.3,0.2788
2026-02-19 05:30:00,TRON,0.2787,0.2853,0.2784,0.2849,180784925.2,0.2849
2026-02-20 05:30:00,TRON,0.2848,0.2877,0.2828,0.2854,183630787.7,0.2854
2026-02-21 05:30:00,TRON,0.2853,0.2896,0.2845,0.289,105217257.7,0.289
2026-02-22 05:30:00,TRON,0.2891,0.2912,0.2874,0.2906,106394302.4,0.2906
2026-02-23 05:30:00,TRON,0.2906,0.2906,0.2809,0.2816,192728857.8,0.2816
2026-02-24 05:30:00,TRON,0.2816,0.2837,0.2801,0.2837,142300900.0,0.2837
2026-02-25 05:30:00,TRON,0.2836,0.2873,0.2835,0.2853,167294597.1,0.2853
2026-02-26 05:30:00,TRON,0.2854,0.2876,0.2849,0.2857,108117937.5,0.2857
2026-02-27 05:30:00,TRON,0.2857,0.2858,0.2818,0.2828,96083291.7,0.2828
2026-02-28 05:30:00,TRON,0.2828,0.2829,0.2783,0.2819,114753739.1,0.2819
2026-03-01 05:30:00,TRON,0.2819,0.2835,0.2799,0.2807,98973232.4,0.2807
2026-03-02 05:30:00,TRON,0.2807,0.2834,0.2806,0.2832,98321820.7,0.2832
2026-03-03 05:30:00,TRON,0.2833,0.2836,0.2802,0.2805,98827414.5,0.2805
2026-03-04 05:30:00,TRON,0.2804,0.288,0.279,0.2871,207136463.8,0.2871
2026-03-05 05:30:00,TRON,0.287,0.2881,0.2824,0.2852,189680897.2,0.2852
2026-03-06 05:30:00,TRON,0.2852,0.2873,0.2844,0.2846,102714335.3,0.2846
2026-03-07 05:30:00,TRON,0.2845,0.2869,0.2833,0.2866,68497165.4,0.2866
2026-03-08 05:30:00,TRON,0.2865,0.2908,0.2858,0.2891,119037503.8,0.2891
2026-03-09 05:30:00,TRON,0.2892,0.2909,0.2843,0.2856,151129689.9,0.2856
2026-03-10 05:30:00,TRON,0.2855,0.2865,0.2836,0.2858,96973465.5,0.2858
2026-03-11 05:30:00,TRON,0.2857,0.2916,0.2853,0.2913,133200288.2,0.2913
2026-03-12 05:30:00,TRON,0.2913,0.292,0.2894,0.2898,36428087.8,0.2898
2025-03-13 05:30:00,Avalanche,18.92,19.33,17.73,18.5,3010210.36,18.5
2025-03-14 05:30:00,Avalanche,18.51,19.31,18.46,18.58,2623693.56,18.58
2025-03-15 05:30:00,Avalanche,18.58,19.47,18.37,19.4,2550418.34,19.4
2025-03-16 05:30:00,Avalanche,19.39,19.85,18.12,18.25,2170899.75,18.25
2025-03-17 05:30:00,Avalanche,18.26,19.09,18.2,18.82,1988333.14,18.82
2025-03-18 05:30:00,Avalanche,18.83,19.28,18.32,18.97,2168023.22,18.97
2025-03-19 05:30:00,Avalanche,18.97,20.1,18.84,19.74,3243124.39,19.74
2025-03-20 05:30:00,Avalanche,19.74,19.86,18.41,18.74,1835276.74,18.74
2025-03-21 05:30:00,Avalanche,18.75,19.49,18.36,19.18,1398814.97,19.18
2025-03-22 05:30:00,Avalanche,19.19,19.74,19.08,19.43,1024746.34,19.43
2025-03-23 05:30:00,Avalanche,19.43,19.85,19.31,19.82,931913.86,19.82
2025-03-24 05:30:00,Avalanche,19.82,22.14,19.78,21.48,3286114.76,21.48
2025-03-25 05:30:00,Avalanche,21.49,23.46,21.29,22.9,2480199.49,22.9
2025-03-26 05:30:00,Avalanche,22.91,23.25,21.83,22.04,1937359.3,22.04
2025-03-27 05:30:00,Avalanche,22.05,22.38,21.63,22.02,1464098.29,22.02
2025-03-28 05:30:00,Avalanche,22.03,22.19,19.77,20.36,2326905.48,20.36
2025-03-29 05:30:00,Avalanche,20.37,20.54,19.46,19.6,1829316.22,19.6
2025-03-30 05:30:00,Avalanche,19.6,19.91,18.69,18.86,1847685.92,18.86
2025-03-31 05:30:00,Avalanche,18.87,19.12,18.18,18.77,2071811.15,18.77
2025-04-01 05:30:00,Avalanche,18.78,19.95,18.72,19.82,2184703.13,19.82
2025-04-02 05:30:00,Avalanche,19.83,19.9,17.76,17.99,4154300.33,17.99
2025-04-03 05:30:00,Avalanche,17.98,18.99,17.58,18.15,2568740.81,18.15
2025-04-04 05:30:00,Avalanche,18.16,18.77,17.61,18.19,2567824.38,18.19
2025-04-05 05:30:00,Avalanche,18.18,18.37,17.69,17.87,892954.09,17.87
2025-04-06 05:30:00,Avalanche,17.88,17.92,15.62,16.04,2995334.12,16.04
2025-04-07 05:30:00,Avalanche,16.05,17.23,14.66,16.68,7001164.45,16.68
2025-04-08 05:30:00,Avalanche,16.69,17.74,15.94,16.15,3013852.32,16.15
2025-04-09 05:30:00,Avalanche,16.16,18.91,15.59,18.44,5039404.19,18.44
2025-04-10 05:30:00,Avalanche,18.44,18.45,17.55,18.31,2260469.93,18.31
2025-04-11 05:30:00,Avalanche,18.31,19.57,18.31,19.12,2645844.68,19.12
2025-04-12 05:30:00,Avalanche,19.13,21.03,18.84,20.49,2565460.53,20.49
2025-04-13 05:30:00,Avalanche,20.5,20.68,19.27,19.59,2081180.7,19.59
2025-04-14 05:30:00,Avalanche,19.6,20.68,19.55,20.11,2493602.65,20.11
2025-04-15 05:30:00,Avalanche,20.12,20.28,18.96,19.01,1992562.14,19.01
2025-04-16 05:30:00,Avalanche,19.01,19.3,18.5,18.76,1866616.8,18.76
2025-04-17 05:30:00,Avalanche,18.75,19.56,18.69,19.05,1310110.82,19.05
2025-04-18 05:30:00,Avalanche,19.06,19.34,18.85,19.07,717388.72,19.07
2025-04-19 05:30:00,Avalanche,19.07,20.36,19.03,19.89,1150790.73,19.89
2025-04-20 05:30:00,Avalanche,19.89,20.04,19.23,19.51,968529.05,19.51
2025-04-21 05:30:00,Avalanche,19.51,20.95,19.51,19.92,2363765.38,19.92
2025-04-22 05:30:00,Avalanche,19.92,22.3,19.44,22.11,3142750.25,22.11
2025-04-23 05:30:00,Avalanche,22.11,23.08,21.88,22.33,3055259.88,22.33
2025-04-24 05:30:00,Avalanche,22.34,22.64,21.61,22.37,1922790.32,22.37
2025-04-25 05:30:00,Avalanche,22.38,22.87,21.77,22.17,2307424.43,22.17
2025-04-26 05:30:00,Avalanche,22.17,22.99,21.72,22.42,1837182.04,22.42
2025-04-27 05:30:00,Avalanche,22.41,22.8,21.65,21.71,1405919.05,21.71
2025-04-28 05:30:00,Avalanche,21.72,22.43,21.02,21.84,2387195.87,21.84
2025-04-29 05:30:00,Avalanche,21.84,22.3,21.27,21.57,1849977.57,21.57
2025-04-30 05:30:00,Avalanche,21.56,21.94,20.36,20.92,2032986.84,20.92
2025-05-01 05:30:00,Avalanche,20.91,21.87,20.81,21.64,2133588.19,21.64
2025-05-02 05:30:00,Avalanche,21.64,22.19,20.97,21.25,1781738.14,21.25
2025-05-03 05:30:00,Avalanche,21.26,21.28,20.49,20.52,1026816.5,20.52
2025-05-04 05:30:00,Avalanche,20.53,20.63,19.76,19.91,1135995.1,19.91
2025-05-05 05:30:00,Avalanche,19.91,20.24,19.3,19.69,1425147.33,19.69
2025-05-06 05:30:00,Avalanche,19.69,20.13,19.27,20.01,1370974.68,20.01
2025-05-07 05:30:00,Avalanche,20.01,20.25,19.09,19.55,1742392.2,19.55
2025-05-08 05:30:00,Avalanche,19.55,22.17,19.49,22.16,3458163.09,22.16
2025-05-09 05:30:00,Avalanche,22.16,24.01,21.96,23.27,4452531.81,23.27
2025-05-10 05:30:00,Avalanche,23.27,25.97,23.01,25.82,4159813.91,25.82
2025-05-11 05:30:00,Avalanche,25.81,26.02,24.16,24.78,2729887.08,24.78
2025-05-12 05:30:00,Avalanche,24.79,26.84,23.73,24.83,5218008.53,24.83
2025-05-13 05:30:00,Avalanche,24.83,26.25,23.45,25.72,2925803.5,25.72
2025-05-14 05:30:00,Avalanche,25.72,26.54,24.74,24.96,2672732.93,24.96
2025-05-15 05:30:00,Avalanche,24.95,25.13,22.94,23.5,3638550.04,23.5
2025-05-16 05:30:00,Avalanche,23.51,24.05,22.67,23.06,2227565.34,23.06
2025-05-17 05:30:00,Avalanche,23.06,23.14,21.97,22.17,1687574.64,22.17
2025-05-18 05:30:00,Avalanche,22.18,23.86,21.56,23.06,2886141.5,23.06
2025-05-19 05:30:00,Avalanche,23.06,23.2,21.26,22.25,2300923.36,22.25
2025-05-20 05:30:00,Avalanche,22.25,22.82,21.75,22.6,2363016.87,22.6
2025-05-21 05:30:00,Avalanche,22.61,23.81,22.15,23.17,3700764.84,23.17
2025-05-22 05:30:00,Avalanche,23.18,25.43,23.13,25.26,4544921.58,25.26
2025-05-23 05:30:00,Avalanche,25.26,25.98,22.92,23.07,4705888.32,23.07
2025-05-24 05:30:00,Avalanche,23.08,23.48,22.75,22.96,1900215.75,22.96
2025-05-25 05:30:00,Avalanche,22.96,23.47,22.03,23.45,1560632.88,23.45
2025-05-26 05:30:00,Avalanche,23.45,24.0,22.87,23.07,1683985.16,23.07
2025-05-27 05:30:00,Avalanche,23.06,23.88,22.51,23.38,2332149.83,23.38
2025-05-28 05:30:00,Avalanche,23.38,23.77,22.77,23.6,1846290.62,23.6
2025-05-29 05:30:00,Avalanche,23.61,24.35,22.17,22.25,3088525.48,22.25
2025-05-30 05:30:00,Avalanche,22.25,22.35,20.4,20.56,3279913.72,20.56
2025-05-31 05:30:00,Avalanche,20.55,21.12,19.77,20.8,1892744.39,20.8
2025-06-01 05:30:00,Avalanche,20.81,20.97,20.17,20.88,1153604.59,20.88
2025-06-02 05:30:00,Avalanche,20.88,21.32,20.22,21.15,1502072.99,21.15
2025-06-03 05:30:00,Avalanche,21.16,21.7,20.89,21.14,1566776.54,21.14
2025-06-04 05:30:00,Avalanche,21.14,21.64,20.06,20.09,1830422.72,20.09
2025-06-05 05:30:00,Avalanche,20.08,20.54,18.43,18.75,3250405.7,18.75
2025-06-06 05:30:00,Avalanche,18.75,19.95,18.63,19.64,1859494.01,19.64
2025-06-07 05:30:00,Avalanche,19.64,21.13,19.56,20.65,1466628.82,20.65
2025-06-08 05:30:00,Avalanche,20.66,21.49,20.14,21.04,1901641.64,21.04
2025-06-09 05:30:00,Avalanche,21.04,22.04,20.22,21.95,2477870.38,21.95
2025-06-10 05:30:00,Avalanche,21.94,22.59,21.51,22.57,3111970.84,22.57
2025-06-11 05:30:00,Avalanche,22.57,22.77,21.32,21.57,2612028.0,21.57
2025-06-12 05:30:00,Avalanche,21.56,21.62,20.15,20.28,2415966.59,20.28
2025-06-13 05:30:00,Avalanche,20.28,20.3,18.46,19.41,5203353.31,19.41
2025-06-14 05:30:00,Avalanche,19.42,19.43,18.71,18.93,1096166.12,18.93
2025-06-15 05:30:00,Avalanche,18.94,19.28,18.73,19.1,1025408.3,19.1
2025-06-16 05:30:00,Avalanche,19.11,20.0,18.9,19.06,2053892.52,19.06
2025-06-17 05:30:00,Avalanche,19.06,19.49,18.13,18.58,2290731.0,18.58
2025-06-18 05:30:00,Avalanche,18.59,18.9,18.07,18.16,1961262.65,18.16
2025-06-19 05:30:00,Avalanche,18.17,18.39,17.64,18.06,2008390.39,18.06
2025-06-20 05:30:00,Avalanche,18.06,18.41,16.94,17.37,2195101.91,17.37
2025-06-21 05:30:00,Avalanche,17.38,17.64,16.32,16.82,2333601.25,16.82
2025-06-22 05:30:00,Avalanche,16.82,17.11,15.61,16.53,3130501.11,16.53
2025-06-23 05:30:00,Avalanche,16.53,18.19,16.26,18.06,3812779.65,18.06
2025-06-24 05:30:00,Avalanche,18.06,18.49,17.88,18.23,2249538.26,18.23
2025-06-25 05:30:00,Avalanche,18.24,18.37,17.42,17.57,1737924.36,17.57
2025-06-26 05:30:00,Avalanche,17.57,18.02,17.09,17.23,1486292.73,17.23
2025-06-27 05:30:00,Avalanche,17.24,17.79,17.02,17.58,1267515.56,17.58
2025-06-28 05:30:00,Avalanche,17.58,18.08,17.48,17.97,818567.26,17.97
2025-06-29 05:30:00,Avalanche,17.98,18.9,17.8,18.73,1322755.99,18.73
2025-06-30 05:30:00,Avalanche,18.73,18.88,17.71,17.96,1826960.62,17.96
2025-07-01 05:30:00,Avalanche,17.97,18.06,16.94,17.1,1494015.26,17.1
2025-07-02 05:30:00,Avalanche,17.11,18.83,16.97,18.51,2701044.64,18.51
2025-07-03 05:30:00,Avalanche,18.51,19.17,18.34,18.54,2023149.88,18.54
2025-07-04 05:30:00,Avalanche,18.55,18.88,17.5,17.8,1884464.87,17.8
2025-07-05 05:30:00,Avalanche,17.8,17.99,17.62,17.92,638719.79,17.92
2025-07-06 05:30:00,Avalanche,17.92,18.62,17.74,18.29,1092614.2,18.29
2025-07-07 05:30:00,Avalanche,18.3,18.59,17.8,17.99,1162903.04,17.99
2025-07-08 05:30:00,Avalanche,18.0,18.48,17.69,18.36,1311269.48,18.36
2025-07-09 05:30:00,Avalanche,18.37,19.63,18.09,19.5,2690754.32,19.5
2025-07-10 05:30:00,Avalanche,19.5,20.79,19.34,20.7,3077304.92,20.7
2025-07-11 05:30:00,Avalanche,20.7,21.53,20.32,20.68,3331979.17,20.68
2025-07-12 05:30:00,Avalanche,20.67,21.08,20.18,20.69,2113337.99,20.69
2025-07-13 05:30:00,Avalanche,20.68,21.8,20.66,21.2,2637539.97,21.2
2025-07-14 05:30:00,Avalanche,21.21,22.08,21.02,21.26,2537960.71,21.26
2025-07-15 05:30:00,Avalanche,21.27,22.58,20.39,22.51,4237676.39,22.51
2025-07-16 05:30:00,Avalanche,22.52,23.02,21.61,22.66,3024064.87,22.66
2025-07-17 05:30:00,Avalanche,22.65,24.34,22.02,23.91,4163407.41,23.91
2025-07-18 05:30:00,Avalanche,23.91,25.03,23.06,23.51,4182701.83,23.51
2025-07-19 05:30:00,Avalanche,23.51,25.23,23.01,24.5,2828014.21,24.5
2025-07-20 05:30:00,Avalanche,24.51,25.55,24.31,25.04,3050674.47,25.04
2025-07-21 05:30:00,Avalanche,25.05,26.53,24.64,25.43,3722779.88,25.43
2025-07-22 05:30:00,Avalanche,25.43,26.09,24.71,25.88,5403307.88,25.88
2025-07-23 05:30:00,Avalanche,25.88,26.1,23.15,23.95,4138078.83,23.95
2025-07-24 05:30:00,Avalanche,23.96,24.44,22.53,23.67,2954572.88,23.67
2025-07-25 05:30:00,Avalanche,23.67,24.04,22.86,24.01,2429187.43,24.01
2025-07-26 05:30:00,Avalanche,24.01,25.77,23.84,24.94,2322954.64,24.94
2025-07-27 05:30:00,Avalanche,24.94,26.46,24.74,26.06,2193331.4,26.06
2025-07-28 05:30:00,Avalanche,26.06,27.38,24.99,25.21,5003307.81,25.21
2025-07-29 05:30:00,Avalanche,25.21,25.51,23.88,24.37,3654141.86,24.37
2025-07-30 05:30:00,Avalanche,24.38,24.51,22.4,23.31,3448147.52,23.31
2025-07-31 05:30:00,Avalanche,23.3,24.12,22.4,22.47,2756295.09,22.47
2025-08-01 05:30:00,Avalanche,22.47,22.58,21.02,21.51,3948656.05,21.51
2025-08-02 05:30:00,Avalanche,21.52,21.82,20.66,20.86,1443378.5,20.86
2025-08-03 05:30:00,Avalanche,20.87,21.54,20.57,21.37,1065667.37,21.37
2025-08-04 05:30:00,Avalanche,21.38,23.13,21.34,23.11,2828179.45,23.11
2025-08-05 05:30:00,Avalanche,23.12,23.14,21.44,21.92,1854068.5,21.92
2025-08-06 05:30:00,Avalanche,21.92,22.4,21.57,22.23,1609597.38,22.23
2025-08-07 05:30:00,Avalanche,22.24,23.36,21.95,23.36,2606524.79,23.36
2025-08-08 05:30:00,Avalanche,23.35,23.87,23.0,23.79,2948550.23,23.79
2025-08-09 05:30:00,Avalanche,23.8,24.82,23.73,24.23,3706511.37,24.23
2025-08-10 05:30:00,Avalanche,24.24,24.55,23.26,23.83,2042077.94,23.83
2025-08-11 05:30:00,Avalanche,23.84,24.63,22.65,22.79,2917750.34,22.79
2025-08-12 05:30:00,Avalanche,22.79,24.9,22.74,24.67,3234718.02,24.67
2025-08-13 05:30:00,Avalanche,24.67,25.68,24.37,25.47,3255245.91,25.47
2025-08-14 05:30:00,Avalanche,25.47,25.99,23.18,23.67,5773899.55,23.67
2025-08-15 05:30:00,Avalanche,23.66,25.66,23.46,23.77,5593714.7,23.77
2025-08-16 05:30:00,Avalanche,23.76,24.37,23.57,24.3,1610583.32,24.3
2025-08-17 05:30:00,Avalanche,24.3,25.68,24.02,25.06,2713774.39,25.06
2025-08-18 05:30:00,Avalanche,25.07,25.33,23.36,23.7,3792415.91,23.7
2025-08-19 05:30:00,Avalanche,23.7,24.06,22.31,22.37,2882360.08,22.37
2025-08-20 05:30:00,Avalanche,22.36,23.55,22.23,23.46,2293194.21,23.46
2025-08-21 05:30:00,Avalanche,23.45,23.62,22.72,22.77,1706315.72,22.77
2025-08-22 05:30:00,Avalanche,22.78,25.4,22.19,25.25,5485181.93,25.25
2025-08-23 05:30:00,Avalanche,25.26,26.77,24.47,26.26,5753729.12,26.26
2025-08-24 05:30:00,Avalanche,26.26,26.57,24.92,25.83,4047628.7,25.83
2025-08-25 05:30:00,Avalanche,25.83,26.0,23.03,23.35,4117635.73,23.35
2025-08-26 05:30:00,Avalanche,23.35,24.35,23.09,24.17,2647190.56,24.17
2025-08-27 05:30:00,Avalanche,24.17,25.33,23.86,24.42,3575703.83,24.42
2025-08-28 05:30:00,Avalanche,24.42,25.08,24.13,24.93,2606202.3,24.93
2025-08-29 05:30:00,Avalanche,24.93,25.2,23.2,23.55,3838827.52,23.55
2025-08-30 05:30:00,Avalanche,23.54,23.94,23.1,23.78,1173614.41,23.78
2025-08-31 05:30:00,Avalanche,23.78,24.2,23.38,23.4,1062889.49,23.4
2025-09-01 05:30:00,Avalanche,23.4,24.33,22.67,23.21,3735535.61,23.21
2025-09-02 05:30:00,Avalanche,23.22,24.5,23.02,24.46,3640156.76,24.46
2025-09-03 05:30:00,Avalanche,24.47,25.78,24.27,25.2,3567888.32,25.2
2025-09-04 05:30:00,Avalanche,25.21,25.28,24.18,24.21,2160658.31,24.21
2025-09-05 05:30:00,Avalanche,24.21,25.11,23.86,24.47,2980843.48,24.47
2025-09-06 05:30:00,Avalanche,24.48,24.62,24.09,24.38,869250.62,24.38
2025-09-07 05:30:00,Avalanche,24.37,24.95,24.26,24.68,1253296.14,24.68
2025-09-08 05:30:00,Avalanche,24.69,25.8,24.53,25.29,2389358.41,25.29
2025-09-09 05:30:00,Avalanche,25.29,26.36,24.9,25.93,3883910.84,25.93
2025-09-10 05:30:00,Avalanche,25.94,29.52,25.75,29.48,7835798.78,29.48
2025-09-11 05:30:00,Avalanche,29.47,29.99,28.3,29.15,4409659.2,29.15
2025-09-12 05:30:00,Avalanche,29.14,29.4,28.25,28.99,3485659.59,28.99
2025-09-13 05:30:00,Avalanche,28.98,31.25,28.74,30.08,6655109.56,30.08
2025-09-14 05:30:00,Avalanche,30.08,30.64,28.96,29.44,4026228.24,29.44
2025-09-15 05:30:00,Avalanche,29.44,30.45,28.22,29.81,4822176.71,29.81
2025-09-16 05:30:00,Avalanche,29.81,31.0,29.17,30.08,4046243.14,30.08
2025-09-17 05:30:00,Avalanche,30.07,32.0,29.38,31.82,4496864.96,31.82
2025-09-18 05:30:00,Avalanche,31.82,35.43,31.63,35.19,8086451.91,35.19
2025-09-19 05:30:00,Avalanche,35.19,35.81,33.34,33.75,5353801.63,33.75
2025-09-20 05:30:00,Avalanche,33.74,34.11,32.86,33.17,2827363.71,33.17
2025-09-21 05:30:00,Avalanche,33.17,33.61,32.58,33.04,2354952.36,33.04
2025-09-22 05:30:00,Avalanche,33.05,33.98,29.41,33.86,7906750.93,33.86
2025-09-23 05:30:00,Avalanche,33.87,36.16,32.75,33.61,9338116.95,33.61
2025-09-24 05:30:00,Avalanche,33.6,34.85,32.26,32.31,4766219.2,32.31
2025-09-25 05:30:00,Avalanche,32.31,32.8,28.51,28.64,7152756.29,28.64
2025-09-26 05:30:00,Avalanche,28.63,29.6,27.07,29.09,6421766.72,29.09
2025-09-27 05:30:00,Avalanche,29.1,29.11,28.23,28.74,1881547.05,28.74
2025-09-28 05:30:00,Avalanche,28.75,30.3,27.92,30.01,2997791.17,30.01
2025-09-29 05:30:00,Avalanche,30.01,30.82,29.13,30.41,5331556.45,30.41
2025-09-30 05:30:00,Avalanche,30.41,30.72,28.81,30.01,4008225.28,30.01
2025-10-01 05:30:00,Avalanche,30.02,31.1,29.61,30.73,3883191.93,30.73
2025-10-02 05:30:00,Avalanche,30.74,31.38,29.48,30.98,6997460.97,30.98
2025-10-03 05:30:00,Avalanche,30.97,31.57,29.99,31.31,4752367.67,31.31
2025-10-04 05:30:00,Avalanche,31.32,31.44,29.85,30.12,2572315.27,30.12
2025-10-05 05:30:00,Avalanche,30.12,31.21,29.63,30.07,2993145.41,30.07
2025-10-06 05:30:00,Avalanche,30.07,31.03,29.94,30.61,3085401.61,30.61
2025-10-07 05:30:00,Avalanche,30.61,30.73,27.81,27.93,4890362.4,27.93
2025-10-08 05:30:00,Avalanche,27.92,29.63,27.84,28.82,2651599.97,28.82
2025-10-09 05:30:00,Avalanche,28.82,28.9,27.58,28.38,2269490.81,28.38
2025-10-10 05:30:00,Avalanche,28.38,28.62,8.52,20.68,15387912.02,20.68
2025-10-11 05:30:00,Avalanche,20.67,23.38,20.27,21.46,9122170.63,21.46
2025-10-12 05:30:00,Avalanche,21.45,23.34,20.66,22.51,7083271.57,22.51
2025-10-13 05:30:00,Avalanche,22.5,24.07,21.68,23.8,9277860.33,23.8
2025-10-14 05:30:00,Avalanche,23.8,23.9,21.81,22.74,6841648.76,22.74
2025-10-15 05:30:00,Avalanche,22.73,23.29,21.56,21.9,3657254.33,21.9
2025-10-16 05:30:00,Avalanche,21.9,22.39,20.58,20.98,4348824.61,20.98
2025-10-17 05:30:00,Avalanche,20.97,21.27,19.03,19.96,5812253.03,19.96
2025-10-18 05:30:00,Avalanche,19.95,20.42,19.82,20.21,1676585.17,20.21
2025-10-19 05:30:00,Avalanche,20.22,20.84,19.75,20.59,2143184.1,20.59
2025-10-20 05:30:00,Avalanche,20.59,21.21,20.17,20.34,2955524.04,20.34
2025-10-21 05:30:00,Avalanche,20.34,20.85,19.46,19.54,3757859.23,19.54
2025-10-22 05:30:00,Avalanche,19.54,19.71,18.42,19.02,3336086.79,19.02
2025-10-23 05:30:00,Avalanche,19.02,19.74,18.98,19.14,2616353.3,19.14
2025-10-24 05:30:00,Avalanche,19.13,19.96,19.02,19.49,2398372.66,19.49
2025-10-25 05:30:00,Avalanche,19.49,19.83,19.24,19.71,1481426.75,19.71
2025-10-26 05:30:00,Avalanche,19.72,20.96,19.34,20.82,3076459.26,20.82
2025-10-27 05:30:00,Avalanche,20.83,21.1,20.17,20.33,2370635.69,20.33
2025-10-28 05:30:00,Avalanche,20.33,20.52,19.13,19.47,2668509.9,19.47
2025-10-29 05:30:00,Avalanche,19.47,20.2,19.31,19.66,2469575.16,19.66
2025-10-30 05:30:00,Avalanche,19.66,19.97,17.51,18.11,4250377.06,18.11
2025-10-31 05:30:00,Avalanche,18.12,18.58,17.78,18.19,2613032.42,18.19
2025-11-01 05:30:00,Avalanche,18.19,18.74,18.07,18.73,1331179.23,18.73
2025-11-02 05:30:00,Avalanche,18.72,19.01,18.1,18.8,1391904.48,18.8
2025-11-03 05:30:00,Avalanche,18.81,18.91,15.91,16.65,6049270.76,16.65
2025-11-04 05:30:00,Avalanche,16.66,17.01,15.0,15.98,6537912.15,15.98
2025-11-05 05:30:00,Avalanche,15.98,16.99,15.29,16.61,3776605.59,16.61
2025-11-06 05:30:00,Avalanche,16.61,16.73,15.61,16.13,2855283.89,16.13
2025-11-07 05:30:00,Avalanche,16.13,18.07,16.05,17.74,6510611.2,17.74
2025-11-08 05:30:00,Avalanche,17.75,18.41,17.02,17.5,3365687.64,17.5
2025-11-09 05:30:00,Avalanche,17.5,17.91,16.81,17.77,2421432.02,17.77
2025-11-10 05:30:00,Avalanche,17.77,18.36,17.64,18.18,2968615.81,18.18
2025-11-11 05:30:00,Avalanche,18.19,18.61,16.97,17.0,2938925.18,17.0
2025-11-12 05:30:00,Avalanche,17.01,17.77,16.64,16.82,2341822.26,16.82
2025-11-13 05:30:00,Avalanche,16.81,17.69,15.76,16.1,3784604.46,16.1
2025-11-14 05:30:00,Avalanche,16.1,16.18,14.84,15.13,4989778.42,15.13
2025-11-15 05:30:00,Avalanche,15.13,15.79,15.11,15.53,1355598.92,15.53
2025-11-16 05:30:00,Avalanche,15.52,15.86,14.62,15.15,3008987.32,15.15
2025-11-17 05:30:00,Avalanche,15.14,15.85,14.26,14.53,4255835.74,14.53
2025-11-18 05:30:00,Avalanche,14.53,14.93,14.03,14.58,3585664.15,14.58
2025-11-19 05:30:00,Avalanche,14.59,14.7,13.71,14.28,3315595.15,14.28
2025-11-20 05:30:00,Avalanche,14.28,14.53,13.5,13.81,4382359.95,13.81
2025-11-21 05:30:00,Avalanche,13.81,13.99,12.57,13.28,6350052.93,13.28
2025-11-22 05:30:00,Avalanche,13.29,13.39,13.03,13.23,2893129.28,13.23
2025-11-23 05:30:00,Avalanche,13.24,13.47,13.21,13.27,2262185.57,13.27
2025-11-24 05:30:00,Avalanche,13.28,14.05,13.16,13.89,3754410.25,13.89
2025-11-25 05:30:00,Avalanche,13.89,14.38,13.7,14.18,2984316.25,14.18
2025-11-26 05:30:00,Avalanche,14.18,14.96,13.91,14.95,2717281.59,14.95
2025-11-27 05:30:00,Avalanche,14.96,15.17,14.87,15.02,2289006.72,15.02
2025-11-28 05:30:00,Avalanche,15.02,15.27,14.78,14.84,2618362.46,14.84
2025-11-29 05:30:00,Avalanche,14.85,14.91,14.19,14.25,1712927.69,14.25
2025-11-30 05:30:00,Avalanche,14.25,14.34,13.66,13.71,2295459.19,13.71
2025-12-01 05:30:00,Avalanche,13.72,13.74,12.54,12.76,3627901.18,12.76
2025-12-02 05:30:00,Avalanche,12.76,13.76,12.71,13.62,4573878.59,13.62
2025-12-03 05:30:00,Avalanche,13.63,15.09,13.58,14.78,5191197.88,14.78
2025-12-04 05:30:00,Avalanche,14.78,14.88,14.21,14.41,2684653.29,14.41
2025-12-05 05:30:00,Avalanche,14.4,14.52,13.09,13.21,3576441.81,13.21
2025-12-06 05:30:00,Avalanche,13.21,13.49,13.14,13.4,1994460.04,13.4
2025-12-07 05:30:00,Avalanche,13.41,13.85,12.96,13.49,2408002.8,13.49
2025-12-08 05:30:00,Avalanche,13.49,13.91,13.38,13.64,1938188.44,13.64
2025-12-09 05:30:00,Avalanche,13.64,14.73,13.5,14.6,3324499.54,14.6
2025-12-10 05:30:00,Avalanche,14.61,14.83,14.09,14.11,3106622.83,14.11
2025-12-11 05:30:00,Avalanche,14.11,14.11,12.89,13.42,3801664.23,13.42
2025-12-12 05:30:00,Avalanche,13.42,13.79,12.81,13.1,2464500.09,13.1
2025-12-13 05:30:00,Avalanche,13.11,13.47,13.09,13.37,1578228.62,13.37
2025-12-14 05:30:00,Avalanche,13.37,13.4,12.73,12.88,1429641.0,12.88
2025-12-15 05:30:00,Avalanche,12.88,13.35,12.2,12.34,3503587.76,12.34
2025-12-16 05:30:00,Avalanche,12.35,12.4,11.91,12.35,3313909.31,12.35
2025-12-17 05:30:00,Avalanche,12.34,12.66,11.69,11.87,3989453.63,11.87
2025-12-18 05:30:00,Avalanche,11.86,12.32,11.28,11.44,4678986.21,11.44
2025-12-19 05:30:00,Avalanche,11.44,12.45,11.26,12.26,4112097.37,12.26
2025-12-20 05:30:00,Avalanche,12.25,12.38,12.13,12.21,971046.59,12.21
2025-12-21 05:30:00,Avalanche,12.22,12.34,11.96,12.14,1234066.71,12.14
2025-12-22 05:30:00,Avalanche,12.15,12.45,12.01,12.42,3136015.78,12.42
2025-12-23 05:30:00,Avalanche,12.42,12.55,11.84,12.18,2667803.57,12.18
2025-12-24 05:30:00,Avalanche,12.18,12.23,11.89,12.1,1607835.82,12.1
2025-12-25 05:30:00,Avalanche,12.11,12.55,12.05,12.09,2261537.45,12.09
2025-12-26 05:30:00,Avalanche,12.09,12.62,12.03,12.34,2107626.16,12.34
2025-12-27 05:30:00,Avalanche,12.34,12.8,12.33,12.69,1402720.88,12.69
2025-12-28 05:30:00,Avalanche,12.7,12.9,12.53,12.64,1705451.88,12.64
2025-12-29 05:30:00,Avalanche,12.64,13.2,12.35,12.38,3591031.92,12.38
2025-12-30 05:30:00,Avalanche,12.37,12.64,12.33,12.58,1682281.43,12.58
2025-12-31 05:30:00,Avalanche,12.58,12.72,12.21,12.32,1812519.45,12.32
2026-01-01 05:30:00,Avalanche,12.32,13.69,12.23,13.59,4403379.82,13.59
2026-01-02 05:30:00,Avalanche,13.59,13.98,13.09,13.82,3276497.14,13.82
2026-01-03 05:30:00,Avalanche,13.82,14.4,13.67,13.99,2908188.75,13.99
2026-01-04 05:30:00,Avalanche,13.98,14.49,13.9,14.25,2167561.94,14.25
2026-01-05 05:30:00,Avalanche,14.25,14.72,13.91,14.45,3062802.52,14.45
2026-01-06 05:30:00,Avalanche,14.46,14.83,14.24,14.59,3416418.28,14.59
2026-01-07 05:30:00,Avalanche,14.6,14.6,13.88,14.11,2264630.86,14.11
2026-01-08 05:30:00,Avalanche,14.12,14.25,13.6,13.89,1822609.54,13.89
2026-01-09 05:30:00,Avalanche,13.89,14.22,13.61,13.79,1860467.06,13.79
2026-01-10 05:30:00,Avalanche,13.78,13.94,13.64,13.74,656465.16,13.74
2026-01-11 05:30:00,Avalanche,13.73,13.99,13.48,13.7,1071942.18,13.7
2026-01-12 05:30:00,Avalanche,13.71,14.22,13.39,13.53,2612087.13,13.53
2026-01-13 05:30:00,Avalanche,13.52,14.85,13.48,14.75,4022695.09,14.75
2026-01-14 05:30:00,Avalanche,14.76,14.95,14.41,14.6,2956916.76,14.6
2026-01-15 05:30:00,Avalanche,14.6,14.63,13.61,13.82,2471785.31,13.82
2026-01-16 05:30:00,Avalanche,13.82,13.87,13.19,13.59,2257468.71,13.59
2026-01-17 05:30:00,Avalanche,13.59,13.97,13.53,13.75,1153279.65,13.75
2026-01-18 05:30:00,Avalanche,13.75,13.83,12.94,12.98,1448582.51,12.98
2026-01-19 05:30:00,Avalanche,12.98,12.99,12.09,12.74,3210706.15,12.74
2026-01-20 05:30:00,Avalanche,12.73,12.76,11.97,12.09,3044192.13,12.09
2026-01-21 05:30:00,Avalanche,12.09,12.73,11.88,12.42,3475396.94,12.42
2026-01-22 05:30:00,Avalanche,12.42,12.62,12.04,12.2,1477392.32,12.2
2026-01-23 05:30:00,Avalanche,12.2,12.5,11.99,12.13,2123247.62,12.13
2026-01-24 05:30:00,Avalanche,12.13,12.19,11.97,12.05,635754.35,12.05
2026-01-25 05:30:00,Avalanche,12.05,12.08,11.23,11.49,2327274.41,11.49
2026-01-26 05:30:00,Avalanche,11.49,11.92,11.46,11.72,2217831.4,11.72
2026-01-27 05:30:00,Avalanche,11.72,12.2,11.58,12.14,2157614.23,12.14
2026-01-28 05:30:00,Avalanche,12.14,12.29,11.93,12.07,1817855.54,12.07
2026-01-29 05:30:00,Avalanche,12.08,12.1,10.8,11.04,4766952.55,11.04
2026-01-30 05:30:00,Avalanche,11.04,11.09,10.63,10.87,4376331.89,10.87
2026-01-31 05:30:00,Avalanche,10.88,10.9,9.16,10.12,8363024.98,10.12
2026-02-01 05:30:00,Avalanche,10.12,10.26,9.67,9.91,3370320.29,9.91
2026-02-02 05:30:00,Avalanche,9.91,10.32,9.53,10.14,3599683.7,10.14
2026-02-03 05:30:00,Avalanche,10.14,10.34,9.54,9.93,4359390.25,9.93
2026-02-04 05:30:00,Avalanche,9.92,10.17,9.55,9.72,3707443.3,9.72
2026-02-05 05:30:00,Avalanche,9.71,9.85,8.24,8.32,10982635.25,8.32
2026-02-06 05:30:00,Avalanche,8.32,9.48,7.55,9.28,7616631.97,9.28
2026-02-07 05:30:00,Avalanche,9.28,9.4,8.91,9.23,4429288.97,9.23
2026-02-08 05:30:00,Avalanche,9.22,9.3,9.0,9.08,1952474.13,9.08
2026-02-09 05:30:00,Avalanche,9.08,9.21,8.72,9.06,2161048.33,9.06
2026-02-10 05:30:00,Avalanche,9.06,9.11,8.65,8.76,2155570.06,8.76
2026-02-11 05:30:00,Avalanche,8.76,8.97,8.43,8.63,3451059.39,8.63
2026-02-12 05:30:00,Avalanche,8.63,8.97,8.62,8.9,2722312.61,8.9
2026-02-13 05:30:00,Avalanche,8.9,9.26,8.74,9.14,2317253.05,9.14
2026-02-14 05:30:00,Avalanche,9.15,9.72,9.12,9.59,1957200.45,9.59
2026-02-15 05:30:00,Avalanche,9.6,9.75,9.14,9.29,2304620.32,9.29
2026-02-16 05:30:00,Avalanche,9.29,9.42,9.05,9.26,1993597.08,9.26
2026-02-17 05:30:00,Avalanche,9.26,9.3,9.0,9.14,1500684.97,9.14
2026-02-18 05:30:00,Avalanche,9.13,9.21,8.8,8.86,1645715.84,8.86
2026-02-19 05:30:00,Avalanche,8.86,8.94,8.66,8.91,2125984.17,8.91
2026-02-20 05:30:00,Avalanche,8.9,9.36,8.88,9.17,3170314.84,9.17
2026-02-21 05:30:00,Avalanche,9.17,9.45,9.11,9.12,1520821.29,9.12
2026-02-22 05:30:00,Avalanche,9.12,9.12,8.79,8.87,1894149.53,8.87
2026-02-23 05:30:00,Avalanche,8.87,8.9,8.27,8.36,3519799.52,8.36
2026-02-24 05:30:00,Avalanche,8.37,8.45,8.18,8.29,2069343.37,8.29
2026-02-25 05:30:00,Avalanche,8.28,9.84,8.26,9.51,8207207.42,9.51
2026-02-26 05:30:00,Avalanche,9.51,9.64,9.09,9.31,4367337.35,9.31
2026-02-27 05:30:00,Avalanche,9.31,9.48,8.78,8.95,3241829.57,8.95
2026-02-28 05:30:00,Avalanche,8.95,9.27,8.42,9.16,4471001.96,9.16
2026-03-01 05:30:00,Avalanche,9.17,9.43,8.85,9.04,3517576.45,9.04
2026-03-02 05:30:00,Avalanche,9.03,9.48,8.86,9.17,3607621.55,9.17
2026-03-03 05:30:00,Avalanche,9.18,9.34,8.9,9.18,2950312.27,9.18
2026-03-04 05:30:00,Avalanche,9.18,9.78,9.0,9.5,5118929.94,9.5
2026-03-05 05:30:00,Avalanche,9.49,9.58,9.26,9.39,2107112.13,9.39
2026-03-06 05:30:00,Avalanche,9.38,9.46,8.88,9.01,3054531.85,9.01
2026-03-07 05:30:00,Avalanche,9.01,9.08,8.87,8.91,1118928.85,8.91
2026-03-08 05:30:00,Avalanche,8.91,9.02,8.69,8.82,1613416.48,8.82
2026-03-09 05:30:00,Avalanche,8.82,9.53,8.81,9.26,3172189.24,9.26
2026-03-10 05:30:00,Avalanche,9.26,9.96,9.25,9.53,3406932.21,9.53
2026-03-11 05:30:00,Avalanche,9.53,9.86,9.48,9.55,1940684.53,9.55
2026-03-12 05:30:00,Avalanche,9.56,9.65,9.43,9.59,475743.56,9.59
2025-03-13 05:30:00,Polkadot,3.968,4.109,3.826,3.981,7535359.95,3.981
2025-03-14 05:30:00,Polkadot,3.98,4.228,3.969,4.187,7564082.21,4.187
2025-03-15 05:30:00,Polkadot,4.187,4.429,4.186,4.349,4603294.28,4.349
2025-03-16 05:30:00,Polkadot,4.35,4.366,4.183,4.298,4860914.03,4.298
2025-03-17 05:30:00,Polkadot,4.298,4.468,4.298,4.37,4964214.66,4.37
2025-03-18 05:30:00,Polkadot,4.372,4.487,4.232,4.45,4943541.34,4.45
2025-03-19 05:30:00,Polkadot,4.45,4.596,4.438,4.538,7492558.96,4.538
2025-03-20 05:30:00,Polkadot,4.538,4.567,4.327,4.399,4472127.93,4.399
2025-03-21 05:30:00,Polkadot,4.4,4.586,4.378,4.499,5759787.32,4.499
2025-03-22 05:30:00,Polkadot,4.5,4.547,4.415,4.446,3327416.15,4.446
2025-03-23 05:30:00,Polkadot,4.446,4.518,4.4,4.502,2678878.36,4.502
2025-03-24 05:30:00,Polkadot,4.503,4.773,4.469,4.62,5907545.08,4.62
2025-03-25 05:30:00,Polkadot,4.62,4.721,4.582,4.637,3866173.71,4.637
2025-03-26 05:30:00,Polkadot,4.637,4.767,4.596,4.694,5629934.83,4.694
2025-03-27 05:30:00,Polkadot,4.695,4.759,4.495,4.625,5678166.73,4.625
2025-03-28 05:30:00,Polkadot,4.623,4.646,4.242,4.282,5665177.03,4.282
2025-03-29 05:30:00,Polkadot,4.282,4.304,3.996,4.05,4478918.92,4.05
2025-03-30 05:30:00,Polkadot,4.05,4.173,3.985,4.042,3302917.68,4.042
2025-03-31 05:30:00,Polkadot,4.043,4.093,3.949,4.02,4622562.33,4.02
2025-04-01 05:30:00,Polkadot,4.021,4.282,4.015,4.171,4417348.85,4.171
2025-04-02 05:30:00,Polkadot,4.171,4.24,3.911,3.965,6989787.29,3.965
2025-04-03 05:30:00,Polkadot,3.965,4.111,3.845,4.059,5063977.24,4.059
2025-04-04 05:30:00,Polkadot,4.06,4.131,3.946,4.035,4789003.5,4.035
2025-04-05 05:30:00,Polkadot,4.034,4.069,3.897,3.956,2096452.45,3.956
2025-04-06 05:30:00,Polkadot,3.955,3.976,3.601,3.683,6022544.15,3.683
2025-04-07 05:30:00,Polkadot,3.685,3.735,3.282,3.593,15127726.43,3.593
2025-04-08 05:30:00,Polkadot,3.592,3.706,3.342,3.378,5407861.13,3.378
2025-04-09 05:30:00,Polkadot,3.377,3.753,3.25,3.643,11027926.38,3.643
2025-04-10 05:30:00,Polkadot,3.643,3.65,3.389,3.463,7342100.4,3.463
2025-04-11 05:30:00,Polkadot,3.462,3.599,3.45,3.557,5169131.93,3.557
2025-04-12 05:30:00,Polkadot,3.558,3.756,3.525,3.713,4420760.89,3.713
2025-04-13 05:30:00,Polkadot,3.713,3.816,3.615,3.668,6619352.13,3.668
2025-04-14 05:30:00,Polkadot,3.669,3.798,3.633,3.677,5218014.54,3.677
2025-04-15 05:30:00,Polkadot,3.676,3.735,3.516,3.519,4692519.65,3.519
2025-04-16 05:30:00,Polkadot,3.519,3.619,3.469,3.557,4278941.46,3.557
2025-04-17 05:30:00,Polkadot,3.557,3.698,3.54,3.634,3658951.76,3.634
2025-04-18 05:30:00,Polkadot,3.636,3.748,3.613,3.675,2261720.31,3.675
2025-04-19 05:30:00,Polkadot,3.675,3.892,3.645,3.88,2997616.3,3.88
2025-04-20 05:30:00,Polkadot,3.88,3.952,3.787,3.878,3877366.27,3.878
2025-04-21 05:30:00,Polkadot,3.879,3.982,3.771,3.78,4698554.41,3.78
2025-04-22 05:30:00,Polkadot,3.78,4.04,3.689,4.007,7580714.41,4.007
2025-04-23 05:30:00,Polkadot,4.008,4.198,3.999,4.093,7854197.12,4.093
2025-04-24 05:30:00,Polkadot,4.093,4.286,3.929,4.269,6601559.83,4.269
2025-04-25 05:30:00,Polkadot,4.268,4.374,4.215,4.254,6676283.69,4.254
2025-04-26 05:30:00,Polkadot,4.254,4.362,4.201,4.263,4527685.25,4.263
2025-04-27 05:30:00,Polkadot,4.264,4.291,4.056,4.09,5800570.8,4.09
2025-04-28 05:30:00,Polkadot,4.09,4.267,4.009,4.242,5819426.05,4.242
2025-04-29 05:30:00,Polkadot,4.242,4.33,4.101,4.147,3884592.85,4.147
2025-04-30 05:30:00,Polkadot,4.146,4.175,4.026,4.065,4199576.05,4.065
2025-05-01 05:30:00,Polkadot,4.066,4.224,4.064,4.177,3925860.31,4.177
2025-05-02 05:30:00,Polkadot,4.177,4.287,4.126,4.161,3231292.82,4.161
2025-05-03 05:30:00,Polkadot,4.161,4.172,4.012,4.028,2386438.85,4.028
2025-05-04 05:30:00,Polkadot,4.028,4.051,3.894,3.92,4232639.09,3.92
2025-05-05 05:30:00,Polkadot,3.919,4.022,3.884,3.918,3957728.74,3.918
2025-05-06 05:30:00,Polkadot,3.918,3.977,3.823,3.971,4277490.05,3.971
2025-05-07 05:30:00,Polkadot,3.972,4.007,3.88,3.969,2714666.36,3.969
2025-05-08 05:30:00,Polkadot,3.968,4.494,3.966,4.456,8866998.35,4.456
2025-05-09 05:30:00,Polkadot,4.455,4.863,4.434,4.799,11614442.99,4.799
2025-05-10 05:30:00,Polkadot,4.799,5.323,4.797,5.309,11854751.74,5.309
2025-05-11 05:30:00,Polkadot,5.309,5.362,4.954,5.097,8101384.06,5.097
2025-05-12 05:30:00,Polkadot,5.097,5.4,4.89,5.068,9921543.44,5.068
2025-05-13 05:30:00,Polkadot,5.069,5.273,4.823,5.195,6748215.11,5.195
2025-05-14 05:30:00,Polkadot,5.194,5.267,4.947,4.98,5284499.6,4.98
2025-05-15 05:30:00,Polkadot,4.981,5.028,4.679,4.779,7496534.85,4.779
2025-05-16 05:30:00,Polkadot,4.778,4.956,4.711,4.755,4420510.08,4.755
2025-05-17 05:30:00,Polkadot,4.755,4.768,4.557,4.612,3799964.46,4.612
2025-05-18 05:30:00,Polkadot,4.613,4.921,4.508,4.793,4741500.76,4.793
2025-05-19 05:30:00,Polkadot,4.794,4.821,4.412,4.596,5563926.25,4.596
2025-05-20 05:30:00,Polkadot,4.597,4.727,4.519,4.677,4133769.06,4.677
2025-05-21 05:30:00,Polkadot,4.677,4.877,4.612,4.74,6374820.22,4.74
2025-05-22 05:30:00,Polkadot,4.741,4.977,4.732,4.948,4934402.45,4.948
2025-05-23 05:30:00,Polkadot,4.948,5.12,4.531,4.561,10214231.78,4.561
2025-05-24 05:30:00,Polkadot,4.562,4.633,4.511,4.545,3091142.26,4.545
2025-05-25 05:30:00,Polkadot,4.546,4.564,4.35,4.523,3942315.1,4.523
2025-05-26 05:30:00,Polkadot,4.523,4.617,4.426,4.468,3794527.16,4.468
2025-05-27 05:30:00,Polkadot,4.468,4.614,4.373,4.535,3874357.43,4.535
2025-05-28 05:30:00,Polkadot,4.536,4.661,4.419,4.587,4289732.2,4.587
2025-05-29 05:30:00,Polkadot,4.588,4.682,4.33,4.332,4814923.2,4.332
2025-05-30 05:30:00,Polkadot,4.333,4.358,4.008,4.049,8486843.25,4.049
2025-05-31 05:30:00,Polkadot,4.049,4.121,3.895,4.076,5429234.96,4.076
2025-06-01 05:30:00,Polkadot,4.077,4.102,3.971,4.066,2555495.93,4.066
2025-06-02 05:30:00,Polkadot,4.066,4.171,3.952,4.148,3601436.52,4.148
2025-06-03 05:30:00,Polkadot,4.149,4.223,4.097,4.137,3668892.34,4.137
2025-06-04 05:30:00,Polkadot,4.137,4.214,3.985,4.006,5036516.92,4.006
2025-06-05 05:30:00,Polkadot,4.006,4.078,3.742,3.814,6640572.84,3.814
2025-06-06 05:30:00,Polkadot,3.814,3.992,3.802,3.884,3530206.93,3.884
2025-06-07 05:30:00,Polkadot,3.886,4.058,3.868,4.031,2274474.36,4.031
2025-06-08 05:30:00,Polkadot,4.031,4.112,3.977,4.025,2726928.43,4.025
2025-06-09 05:30:00,Polkadot,4.026,4.162,3.963,4.151,4628656.78,4.151
2025-06-10 05:30:00,Polkadot,4.152,4.317,4.097,4.294,6662210.27,4.294
2025-06-11 05:30:00,Polkadot,4.295,4.346,4.146,4.189,5328497.22,4.189
2025-06-12 05:30:00,Polkadot,4.188,4.204,3.907,3.919,5999705.47,3.919
2025-06-13 05:30:00,Polkadot,3.919,3.919,3.664,3.838,9117736.81,3.838
2025-06-14 05:30:00,Polkadot,3.838,3.846,3.716,3.781,2930108.58,3.781
2025-06-15 05:30:00,Polkadot,3.782,3.834,3.735,3.821,1774308.52,3.821
2025-06-16 05:30:00,Polkadot,3.821,3.991,3.786,3.847,4011866.39,3.847
2025-06-17 05:30:00,Polkadot,3.846,3.897,3.663,3.719,5144535.08,3.719
2025-06-18 05:30:00,Polkadot,3.719,3.786,3.572,3.622,6307506.25,3.622
2025-06-19 05:30:00,Polkadot,3.622,3.657,3.496,3.548,6333647.02,3.548
2025-06-20 05:30:00,Polkadot,3.547,3.577,3.33,3.437,7730014.2,3.437
2025-06-21 05:30:00,Polkadot,3.437,3.508,3.209,3.324,5927367.37,3.324
2025-06-22 05:30:00,Polkadot,3.325,3.363,3.007,3.153,11019675.81,3.153
2025-06-23 05:30:00,Polkadot,3.153,3.421,3.111,3.416,8879579.75,3.416
2025-06-24 05:30:00,Polkadot,3.416,3.525,3.385,3.439,4687786.75,3.439
2025-06-25 05:30:00,Polkadot,3.438,3.465,3.341,3.352,3894305.42,3.352
2025-06-26 05:30:00,Polkadot,3.352,3.433,3.271,3.299,3980149.78,3.299
2025-06-27 05:30:00,Polkadot,3.299,3.394,3.274,3.359,3955846.51,3.359
2025-06-28 05:30:00,Polkadot,3.36,3.426,3.33,3.407,1866680.64,3.407
2025-06-29 05:30:00,Polkadot,3.408,3.582,3.379,3.541,2800833.68,3.541
2025-06-30 05:30:00,Polkadot,3.542,3.56,3.352,3.397,3677669.93,3.397
2025-07-01 05:30:00,Polkadot,3.397,3.42,3.256,3.281,3435357.79,3.281
2025-07-02 05:30:00,Polkadot,3.28,3.625,3.241,3.545,6939908.98,3.545
2025-07-03 05:30:00,Polkadot,3.545,3.665,3.499,3.539,5719860.72,3.539
2025-07-04 05:30:00,Polkadot,3.539,3.561,3.313,3.358,5659272.37,3.358
2025-07-05 05:30:00,Polkadot,3.358,3.39,3.308,3.356,2237505.07,3.356
2025-07-06 05:30:00,Polkadot,3.356,3.448,3.328,3.395,3771010.63,3.395
2025-07-07 05:30:00,Polkadot,3.395,3.437,3.323,3.369,2853677.78,3.369
2025-07-08 05:30:00,Polkadot,3.369,3.477,3.327,3.448,3238505.57,3.448
2025-07-09 05:30:00,Polkadot,3.448,3.659,3.417,3.62,5645429.86,3.62
2025-07-10 05:30:00,Polkadot,3.62,3.893,3.59,3.881,7702932.38,3.881
2025-07-11 05:30:00,Polkadot,3.882,4.11,3.81,3.907,11587795.88,3.907
2025-07-12 05:30:00,Polkadot,3.906,4.065,3.796,3.891,6362410.61,3.891
2025-07-13 05:30:00,Polkadot,3.891,4.067,3.876,3.984,4490493.77,3.984
2025-07-14 05:30:00,Polkadot,3.986,4.196,3.901,3.95,7927204.23,3.95
2025-07-15 05:30:00,Polkadot,3.951,4.099,3.8,4.083,7487065.71,4.083
2025-07-16 05:30:00,Polkadot,4.082,4.269,4.011,4.156,8644793.78,4.156
2025-07-17 05:30:00,Polkadot,4.156,4.303,4.065,4.26,10269842.37,4.26
2025-07-18 05:30:00,Polkadot,4.26,4.624,4.137,4.227,15308346.29,4.227
2025-07-19 05:30:00,Polkadot,4.228,4.454,4.133,4.409,5326771.73,4.409
2025-07-20 05:30:00,Polkadot,4.41,4.587,4.348,4.48,8442881.82,4.48
2025-07-21 05:30:00,Polkadot,4.48,4.673,4.395,4.499,10863654.36,4.499
2025-07-22 05:30:00,Polkadot,4.499,4.554,4.279,4.549,12364489.73,4.549
2025-07-23 05:30:00,Polkadot,4.551,4.551,4.0,4.113,13057291.53,4.113
2025-07-24 05:30:00,Polkadot,4.114,4.202,3.894,4.0,13015319.69,4.0
2025-07-25 05:30:00,Polkadot,4.001,4.1,3.863,4.088,8036783.72,4.088
2025-07-26 05:30:00,Polkadot,4.088,4.195,4.069,4.124,3803852.35,4.124
2025-07-27 05:30:00,Polkadot,4.124,4.25,4.113,4.24,3861788.18,4.24
2025-07-28 05:30:00,Polkadot,4.239,4.309,3.93,3.965,8173653.83,3.965
2025-07-29 05:30:00,Polkadot,3.965,4.084,3.82,3.905,8196464.85,3.905
2025-07-30 05:30:00,Polkadot,3.905,3.921,3.626,3.805,9521746.16,3.805
2025-07-31 05:30:00,Polkadot,3.807,3.921,3.665,3.682,6961247.47,3.682
2025-08-01 05:30:00,Polkadot,3.682,3.723,3.446,3.547,12325057.3,3.547
2025-08-02 05:30:00,Polkadot,3.547,3.631,3.427,3.509,7331432.98,3.509
2025-08-03 05:30:00,Polkadot,3.508,3.627,3.459,3.602,4271487.01,3.602
2025-08-04 05:30:00,Polkadot,3.603,3.757,3.597,3.72,5254660.42,3.72
2025-08-05 05:30:00,Polkadot,3.72,3.725,3.538,3.621,4867850.77,3.621
2025-08-06 05:30:00,Polkadot,3.62,3.696,3.553,3.673,4176179.49,3.673
2025-08-07 05:30:00,Polkadot,3.673,3.872,3.644,3.867,6942776.28,3.867
2025-08-08 05:30:00,Polkadot,3.867,3.998,3.809,3.979,9301135.78,3.979
2025-08-09 05:30:00,Polkadot,3.98,4.167,3.971,4.138,6335022.21,4.138
2025-08-10 05:30:00,Polkadot,4.138,4.181,3.965,4.046,6706646.13,4.046
2025-08-11 05:30:00,Polkadot,4.047,4.158,3.817,3.854,8300985.31,3.854
2025-08-12 05:30:00,Polkadot,3.854,4.234,3.837,4.157,9675655.97,4.157
2025-08-13 05:30:00,Polkadot,4.157,4.317,4.097,4.276,10297928.08,4.276
2025-08-14 05:30:00,Polkadot,4.277,4.371,3.903,3.986,15790612.61,3.986
2025-08-15 05:30:00,Polkadot,3.985,4.103,3.812,3.896,10343199.92,3.896
2025-08-16 05:30:00,Polkadot,3.895,3.997,3.89,3.966,3322722.85,3.966
2025-08-17 05:30:00,Polkadot,3.965,4.193,3.923,4.051,6055265.18,4.051
2025-08-18 05:30:00,Polkadot,4.052,4.062,3.83,3.914,9368368.75,3.914
2025-08-19 05:30:00,Polkadot,3.915,3.96,3.712,3.719,7305952.56,3.719
2025-08-20 05:30:00,Polkadot,3.72,3.905,3.697,3.884,6469886.1,3.884
2025-08-21 05:30:00,Polkadot,3.884,3.923,3.773,3.797,3624305.24,3.797
2025-08-22 05:30:00,Polkadot,3.797,4.207,3.69,4.18,13159075.02,4.18
2025-08-23 05:30:00,Polkadot,4.181,4.265,4.026,4.228,7634548.17,4.228
2025-08-24 05:30:00,Polkadot,4.228,4.283,4.013,4.11,10514865.37,4.11
2025-08-25 05:30:00,Polkadot,4.11,4.146,3.689,3.734,12839625.21,3.734
2025-08-26 05:30:00,Polkadot,3.733,3.923,3.708,3.887,5875192.67,3.887
2025-08-27 05:30:00,Polkadot,3.887,3.934,3.824,3.837,5843493.47,3.837
2025-08-28 05:30:00,Polkadot,3.837,4.021,3.807,3.981,9442655.7,3.981
2025-08-29 05:30:00,Polkadot,3.98,4.002,3.724,3.774,11616215.46,3.774
2025-08-30 05:30:00,Polkadot,3.775,3.825,3.712,3.811,3739627.01,3.811
2025-08-31 05:30:00,Polkadot,3.81,3.875,3.735,3.742,5058032.28,3.742
2025-09-01 05:30:00,Polkadot,3.742,3.887,3.612,3.693,9277624.68,3.693
2025-09-02 05:30:00,Polkadot,3.694,3.826,3.676,3.82,5209474.46,3.82
2025-09-03 05:30:00,Polkadot,3.819,3.906,3.786,3.865,3962287.04,3.865
2025-09-04 05:30:00,Polkadot,3.866,3.877,3.725,3.764,3587924.75,3.764
2025-09-05 05:30:00,Polkadot,3.764,3.894,3.757,3.828,5370012.94,3.828
2025-09-06 05:30:00,Polkadot,3.827,3.885,3.782,3.823,2898761.54,3.823
2025-09-07 05:30:00,Polkadot,3.824,4.089,3.822,3.995,8531584.81,3.995
2025-09-08 05:30:00,Polkadot,3.996,4.082,3.981,4.045,8214086.86,4.045
2025-09-09 05:30:00,Polkadot,4.045,4.182,4.004,4.14,9473367.09,4.14
2025-09-10 05:30:00,Polkadot,4.139,4.227,4.054,4.216,8171709.85,4.216
2025-09-11 05:30:00,Polkadot,4.216,4.26,4.119,4.242,6936262.84,4.242
2025-09-12 05:30:00,Polkadot,4.242,4.322,4.153,4.319,6911202.75,4.319
2025-09-13 05:30:00,Polkadot,4.319,4.626,4.303,4.492,11803303.5,4.492
2025-09-14 05:30:00,Polkadot,4.492,4.498,4.28,4.316,6172903.79,4.316
2025-09-15 05:30:00,Polkadot,4.316,4.405,4.104,4.151,7903428.85,4.151
2025-09-16 05:30:00,Polkadot,4.151,4.295,4.109,4.253,7509246.75,4.253
2025-09-17 05:30:00,Polkadot,4.254,4.432,4.136,4.403,8161416.41,4.403
2025-09-18 05:30:00,Polkadot,4.403,4.595,4.373,4.533,9989936.15,4.533
2025-09-19 05:30:00,Polkadot,4.533,4.882,4.318,4.359,16139500.94,4.359
2025-09-20 05:30:00,Polkadot,4.358,4.463,4.289,4.356,6646556.19,4.356
2025-09-21 05:30:00,Polkadot,4.356,4.387,4.236,4.262,4486161.2,4.262
2025-09-22 05:30:00,Polkadot,4.261,4.279,3.821,4.037,13684796.77,4.037
2025-09-23 05:30:00,Polkadot,4.037,4.059,3.938,3.966,5764633.15,3.966
2025-09-24 05:30:00,Polkadot,3.965,4.115,3.889,3.992,6311985.33,3.992
2025-09-25 05:30:00,Polkadot,3.992,4.005,3.771,3.804,11887593.18,3.804
2025-09-26 05:30:00,Polkadot,3.804,3.97,3.776,3.924,6107591.86,3.924
2025-09-27 05:30:00,Polkadot,3.924,3.927,3.851,3.889,2788713.49,3.889
2025-09-28 05:30:00,Polkadot,3.889,4.03,3.792,3.997,4451365.02,3.997
2025-09-29 05:30:00,Polkadot,3.997,4.023,3.858,3.98,6112476.63,3.98
2025-09-30 05:30:00,Polkadot,3.98,3.992,3.808,3.909,4219657.99,3.909
2025-10-01 05:30:00,Polkadot,3.909,4.126,3.883,4.126,6247286.83,4.126
2025-10-02 05:30:00,Polkadot,4.126,4.34,4.1,4.306,8406597.21,4.306
2025-10-03 05:30:00,Polkadot,4.307,4.384,4.179,4.32,7021367.23,4.32
2025-10-04 05:30:00,Polkadot,4.321,4.329,4.135,4.187,4829228.68,4.187
2025-10-05 05:30:00,Polkadot,4.189,4.375,4.077,4.134,6376106.76,4.134
2025-10-06 05:30:00,Polkadot,4.134,4.439,4.109,4.398,9254105.48,4.398
2025-10-07 05:30:00,Polkadot,4.399,4.434,4.106,4.139,8608356.86,4.139
2025-10-08 05:30:00,Polkadot,4.139,4.241,4.063,4.194,7048183.35,4.194
2025-10-09 05:30:00,Polkadot,4.194,4.198,3.962,4.075,7419770.28,4.075
2025-10-10 05:30:00,Polkadot,4.074,4.291,0.633,2.946,50685534.833,2.946
2025-10-11 05:30:00,Polkadot,2.945,3.317,2.873,2.997,33673506.59,2.997
2025-10-12 05:30:00,Polkadot,2.997,3.307,2.907,3.241,13812032.64,3.241
2025-10-13 05:30:00,Polkadot,3.241,3.448,3.194,3.374,14008985.74,3.374
2025-10-14 05:30:00,Polkadot,3.375,3.399,3.066,3.248,13079428.0,3.248
2025-10-15 05:30:00,Polkadot,3.248,3.341,3.089,3.137,8028268.55,3.137
2025-10-16 05:30:00,Polkadot,3.137,3.208,2.97,3.016,11684100.23,3.016
2025-10-17 05:30:00,Polkadot,3.017,3.061,2.772,2.892,14335134.66,2.892
2025-10-18 05:30:00,Polkadot,2.892,2.971,2.889,2.932,3912674.58,2.932
2025-10-19 05:30:00,Polkadot,2.933,3.057,2.886,3.009,5985335.93,3.009
2025-10-20 05:30:00,Polkadot,3.009,3.132,2.949,3.086,6738711.38,3.086
2025-10-21 05:30:00,Polkadot,3.085,3.19,2.95,3.006,8717666.16,3.006
2025-10-22 05:30:00,Polkadot,3.005,3.028,2.834,2.918,7679721.12,2.918
2025-10-23 05:30:00,Polkadot,2.919,3.036,2.912,3.002,5244770.87,3.002
2025-10-24 05:30:00,Polkadot,3.003,3.125,2.992,3.078,4802271.08,3.078
2025-10-25 05:30:00,Polkadot,3.079,3.106,3.027,3.09,2210795.91,3.09
2025-10-26 05:30:00,Polkadot,3.091,3.239,3.059,3.195,3798617.54,3.195
2025-10-27 05:30:00,Polkadot,3.195,3.247,3.119,3.139,5085535.81,3.139
2025-10-28 05:30:00,Polkadot,3.138,3.195,2.992,3.051,6077354.59,3.051
2025-10-29 05:30:00,Polkadot,3.05,3.177,3.023,3.079,5626477.7,3.079
2025-10-30 05:30:00,Polkadot,3.08,3.118,2.78,2.871,10939988.93,2.871
2025-10-31 05:30:00,Polkadot,2.871,2.925,2.827,2.882,5497768.43,2.882
2025-11-01 05:30:00,Polkadot,2.882,2.974,2.865,2.971,4217933.18,2.971
2025-11-02 05:30:00,Polkadot,2.971,3.016,2.866,2.985,4366321.14,2.985
2025-11-03 05:30:00,Polkadot,2.985,2.993,2.5,2.585,14377248.98,2.585
2025-11-04 05:30:00,Polkadot,2.585,2.662,2.343,2.508,16629831.45,2.508
2025-11-05 05:30:00,Polkadot,2.508,2.685,2.384,2.672,8870378.0,2.672
2025-11-06 05:30:00,Polkadot,2.671,2.683,2.527,2.669,9282186.59,2.669
2025-11-07 05:30:00,Polkadot,2.669,3.34,2.664,3.254,30723299.04,3.254
2025-11-08 05:30:00,Polkadot,3.254,3.533,3.086,3.252,23331422.94,3.252
2025-11-09 05:30:00,Polkadot,3.252,3.31,3.037,3.232,12947626.4,3.232
2025-11-10 05:30:00,Polkadot,3.232,3.316,3.125,3.266,13970827.39,3.266
2025-11-11 05:30:00,Polkadot,3.267,3.387,3.041,3.054,11303001.65,3.054
2025-11-12 05:30:00,Polkadot,3.055,3.146,2.876,2.927,9353590.68,2.927
2025-11-13 05:30:00,Polkadot,2.928,3.045,2.763,2.853,8814259.15,2.853
2025-11-14 05:30:00,Polkadot,2.853,2.921,2.749,2.815,10689974.59,2.815
2025-11-15 05:30:00,Polkadot,2.815,2.949,2.813,2.832,4839072.65,2.832
2025-11-16 05:30:00,Polkadot,2.832,2.899,2.695,2.784,5772741.72,2.784
2025-11-17 05:30:00,Polkadot,2.785,2.867,2.627,2.666,8259234.67,2.666
2025-11-18 05:30:00,Polkadot,2.666,2.802,2.617,2.755,7655812.28,2.755
2025-11-19 05:30:00,Polkadot,2.755,2.767,2.569,2.692,6386470.03,2.692
2025-11-20 05:30:00,Polkadot,2.693,2.82,2.503,2.543,9026877.87,2.543
2025-11-21 05:30:00,Polkadot,2.543,2.593,2.252,2.348,12620524.53,2.348
2025-11-22 05:30:00,Polkadot,2.348,2.357,2.257,2.311,5480201.78,2.311
2025-11-23 05:30:00,Polkadot,2.311,2.37,2.248,2.258,4928467.72,2.258
2025-11-24 05:30:00,Polkadot,2.258,2.397,2.242,2.34,7557391.45,2.34
2025-11-25 05:30:00,Polkadot,2.34,2.349,2.176,2.296,7202523.95,2.296
2025-11-26 05:30:00,Polkadot,2.296,2.371,2.24,2.344,5647328.47,2.344
2025-11-27 05:30:00,Polkadot,2.344,2.39,2.308,2.337,4044236.62,2.337
2025-11-28 05:30:00,Polkadot,2.336,2.376,2.26,2.284,4916940.56,2.284
2025-11-29 05:30:00,Polkadot,2.284,2.298,2.227,2.259,2700560.48,2.259
2025-11-30 05:30:00,Polkadot,2.258,2.293,2.204,2.21,2272280.97,2.21
2025-12-01 05:30:00,Polkadot,2.209,2.209,1.961,2.042,12815413.41,2.042
2025-12-02 05:30:00,Polkadot,2.042,2.286,2.033,2.249,8246867.07,2.249
2025-12-03 05:30:00,Polkadot,2.25,2.4,2.241,2.366,7695403.08,2.366
2025-12-04 05:30:00,Polkadot,2.365,2.376,2.245,2.272,6470520.84,2.272
2025-12-05 05:30:00,Polkadot,2.272,2.308,2.084,2.125,6393803.73,2.125
2025-12-06 05:30:00,Polkadot,2.125,2.164,2.087,2.128,3686360.78,2.128
2025-12-07 05:30:00,Polkadot,2.128,2.16,2.04,2.094,6185412.28,2.094
2025-12-08 05:30:00,Polkadot,2.094,2.179,2.084,2.129,7982758.73,2.129
2025-12-09 05:30:00,Polkadot,2.13,2.393,2.089,2.293,10684211.99,2.293
2025-12-10 05:30:00,Polkadot,2.292,2.316,2.183,2.19,6862399.14,2.19
2025-12-11 05:30:00,Polkadot,2.19,2.193,2.008,2.066,11632964.04,2.066
2025-12-12 05:30:00,Polkadot,2.066,2.096,1.945,2.012,8591083.66,2.012
2025-12-13 05:30:00,Polkadot,2.012,2.058,2.008,2.038,2858760.03,2.038
2025-12-14 05:30:00,Polkadot,2.037,2.046,1.932,1.952,5678126.98,1.952
2025-12-15 05:30:00,Polkadot,1.953,2.01,1.829,1.902,8037020.67,1.902
2025-12-16 05:30:00,Polkadot,1.902,1.943,1.862,1.898,5523119.29,1.898
2025-12-17 05:30:00,Polkadot,1.898,1.955,1.79,1.816,9627196.53,1.816
2025-12-18 05:30:00,Polkadot,1.815,1.889,1.722,1.759,9653339.53,1.759
2025-12-19 05:30:00,Polkadot,1.76,1.88,1.738,1.849,8061605.69,1.849
2025-12-20 05:30:00,Polkadot,1.849,1.869,1.827,1.832,2802648.5,1.832
2025-12-21 05:30:00,Polkadot,1.832,1.852,1.751,1.802,4326686.91,1.802
2025-12-22 05:30:00,Polkadot,1.803,1.854,1.757,1.784,6861199.0,1.784
2025-12-23 05:30:00,Polkadot,1.784,1.802,1.728,1.765,5729160.19,1.765
2025-12-24 05:30:00,Polkadot,1.764,1.776,1.706,1.738,4384897.36,1.738
2025-12-25 05:30:00,Polkadot,1.738,1.753,1.678,1.685,4915432.64,1.685
2025-12-26 05:30:00,Polkadot,1.685,1.753,1.653,1.723,7309973.8,1.723
2025-12-27 05:30:00,Polkadot,1.724,1.928,1.723,1.91,9958154.22,1.91
2025-12-28 05:30:00,Polkadot,1.91,1.915,1.828,1.851,4854587.77,1.851
2025-12-29 05:30:00,Polkadot,1.851,1.904,1.818,1.824,7103805.42,1.824
2025-12-30 05:30:00,Polkadot,1.823,1.847,1.792,1.811,4858758.99,1.811
2025-12-31 05:30:00,Polkadot,1.811,1.845,1.762,1.789,3980800.81,1.789
2026-01-01 05:30:00,Polkadot,1.789,2.033,1.765,1.999,10513359.81,1.999
2026-01-02 05:30:00,Polkadot,1.998,2.17,1.968,2.166,10929863.57,2.166
2026-01-03 05:30:00,Polkadot,2.165,2.22,2.108,2.125,6758275.83,2.125
2026-01-04 05:30:00,Polkadot,2.125,2.18,2.116,2.142,4649012.22,2.142
2026-01-05 05:30:00,Polkadot,2.143,2.238,2.096,2.208,8403018.63,2.208
2026-01-06 05:30:00,Polkadot,2.207,2.263,2.112,2.235,8857748.56,2.235
2026-01-07 05:30:00,Polkadot,2.234,2.249,2.12,2.145,5563858.69,2.145
2026-01-08 05:30:00,Polkadot,2.145,2.159,2.084,2.111,4670604.57,2.111
2026-01-09 05:30:00,Polkadot,2.111,2.144,2.048,2.083,4701944.8,2.083
2026-01-10 05:30:00,Polkadot,2.083,2.13,2.069,2.093,2303538.23,2.093
2026-01-11 05:30:00,Polkadot,2.093,2.125,2.034,2.07,2644638.02,2.07
2026-01-12 05:30:00,Polkadot,2.071,2.153,2.022,2.055,5469757.83,2.055
2026-01-13 05:30:00,Polkadot,2.054,2.343,2.052,2.282,13301063.71,2.282
2026-01-14 05:30:00,Polkadot,2.283,2.298,2.195,2.226,7108770.22,2.226
2026-01-15 05:30:00,Polkadot,2.225,2.239,2.097,2.117,6339482.62,2.117
2026-01-16 05:30:00,Polkadot,2.117,2.156,2.056,2.119,5970610.99,2.119
2026-01-17 05:30:00,Polkadot,2.12,2.235,2.113,2.179,5627984.65,2.179
2026-01-18 05:30:00,Polkadot,2.178,2.203,2.063,2.065,5133672.79,2.065
2026-01-19 05:30:00,Polkadot,2.065,2.065,1.834,2.028,11523563.0,2.028
2026-01-20 05:30:00,Polkadot,2.028,2.051,1.881,1.897,7570140.82,1.897
2026-01-21 05:30:00,Polkadot,1.898,2.0,1.873,1.955,5604820.5,1.955
2026-01-22 05:30:00,Polkadot,1.955,1.982,1.905,1.927,2987992.66,1.927
2026-01-23 05:30:00,Polkadot,1.927,1.984,1.897,1.926,3817856.64,1.926
2026-01-24 05:30:00,Polkadot,1.926,1.941,1.899,1.93,1695777.33,1.93
2026-01-25 05:30:00,Polkadot,1.929,1.944,1.78,1.823,5011621.15,1.823
2026-01-26 05:30:00,Polkadot,1.823,1.898,1.818,1.875,4395513.56,1.875
2026-01-27 05:30:00,Polkadot,1.876,1.899,1.828,1.876,3778155.37,1.876
2026-01-28 05:30:00,Polkadot,1.877,1.896,1.831,1.87,6001177.52,1.87
2026-01-29 05:30:00,Polkadot,1.87,1.875,1.697,1.736,7419230.56,1.736
2026-01-30 05:30:00,Polkadot,1.736,1.748,1.652,1.69,8782609.93,1.69
2026-01-31 05:30:00,Polkadot,1.69,1.691,1.399,1.547,14030240.75,1.547
2026-02-01 05:30:00,Polkadot,1.548,1.56,1.459,1.495,7323300.46,1.495
2026-02-02 05:30:00,Polkadot,1.496,1.576,1.452,1.543,7959613.28,1.543
2026-02-03 05:30:00,Polkadot,1.543,1.566,1.431,1.5,11599952.77,1.5
2026-02-04 05:30:00,Polkadot,1.499,1.534,1.425,1.461,6999588.65,1.461
2026-02-05 05:30:00,Polkadot,1.462,1.478,1.232,1.248,19723447.25,1.248
2026-02-06 05:30:00,Polkadot,1.248,1.407,1.101,1.368,20408661.56,1.368
2026-02-07 05:30:00,Polkadot,1.367,1.403,1.316,1.372,9699017.55,1.372
2026-02-08 05:30:00,Polkadot,1.372,1.377,1.325,1.337,3572670.0,1.337
2026-02-09 05:30:00,Polkadot,1.336,1.351,1.277,1.32,5230593.27,1.32
2026-02-10 05:30:00,Polkadot,1.32,1.328,1.265,1.283,4359481.45,1.283
2026-02-11 05:30:00,Polkadot,1.283,1.297,1.225,1.256,6362045.55,1.256
2026-02-12 05:30:00,Polkadot,1.255,1.304,1.249,1.283,4483978.99,1.283
2026-02-13 05:30:00,Polkadot,1.283,1.341,1.252,1.33,4532467.32,1.33
2026-02-14 05:30:00,Polkadot,1.331,1.44,1.33,1.421,4174084.23,1.421
2026-02-15 05:30:00,Polkadot,1.421,1.439,1.331,1.357,5627915.61,1.357
2026-02-16 05:30:00,Polkadot,1.357,1.391,1.332,1.376,3599652.05,1.376
2026-02-17 05:30:00,Polkadot,1.377,1.381,1.34,1.347,3462703.77,1.347
2026-02-18 05:30:00,Polkadot,1.347,1.372,1.3,1.311,3803204.9,1.311
2026-02-19 05:30:00,Polkadot,1.311,1.322,1.26,1.287,3960231.45,1.287
2026-02-20 05:30:00,Polkadot,1.287,1.364,1.274,1.341,6388269.43,1.341
2026-02-21 05:30:00,Polkadot,1.341,1.398,1.328,1.36,4005534.49,1.36
2026-02-22 05:30:00,Polkadot,1.359,1.366,1.303,1.313,3333549.12,1.313
2026-02-23 05:30:00,Polkadot,1.313,1.314,1.239,1.265,7458108.2,1.265
2026-02-24 05:30:00,Polkadot,1.265,1.279,1.225,1.238,6332543.71,1.238
2026-02-25 05:30:00,Polkadot,1.239,1.752,1.235,1.663,40082501.97,1.663
2026-02-26 05:30:00,Polkadot,1.663,1.696,1.522,1.609,29187050.32,1.609
2026-02-27 05:30:00,Polkadot,1.609,1.683,1.547,1.599,18268978.26,1.599
2026-02-28 05:30:00,Polkadot,1.6,1.675,1.458,1.662,19455922.95,1.662
2026-03-01 05:30:00,Polkadot,1.662,1.681,1.504,1.534,11826274.49,1.534
2026-03-02 05:30:00,Polkadot,1.535,1.603,1.498,1.509,14931124.9,1.509
2026-03-03 05:30:00,Polkadot,1.509,1.557,1.473,1.533,8253153.19,1.533
2026-03-04 05:30:00,Polkadot,1.533,1.574,1.508,1.541,9346138.31,1.541
2026-03-05 05:30:00,Polkadot,1.541,1.556,1.482,1.53,6108684.73,1.53
2026-03-06 05:30:00,Polkadot,1.529,1.547,1.453,1.488,5125595.36,1.488
2026-03-07 05:30:00,Polkadot,1.489,1.517,1.431,1.448,4297384.3,1.448
2026-03-08 05:30:00,Polkadot,1.448,1.485,1.425,1.452,4938152.76,1.452
2026-03-09 05:30:00,Polkadot,1.453,1.533,1.452,1.494,6242706.57,1.494
2026-03-10 05:30:00,Polkadot,1.494,1.546,1.479,1.486,6262818.66,1.486
2026-03-11 05:30:00,Polkadot,1.486,1.555,1.473,1.522,5773554.61,1.522
2026-03-12 05:30:00,Polkadot,1.523,1.526,1.493,1.511,1303068.68,1.511
